"year","incident.date","incident.type","track","division","count"
"1",2009,2009-03-04,"EQUINE DEATH","Aqueduct Racetrack (NYRA)","Thoroughbred",1
"2",2009,2009-03-05,"EQUINE DEATH","Aqueduct Racetrack (NYRA)","Thoroughbred",1
"3",2009,2009-04-10,"EQUINE DEATH","Belmont Park (NYRA)","Thoroughbred",1
"4",2009,2009-04-11,"EQUINE DEATH","Belmont Park (NYRA)","Thoroughbred",1
"5",2009,2009-04-14,"EQUINE DEATH","Yonkers Raceway","Harness",1
"6",2009,2009-04-17,"EQUINE DEATH","Finger Lakes Gaming & Racetrack","Thoroughbred",1
"7",2009,2009-04-17,"EQUINE DEATH","Finger Lakes Gaming & Racetrack","Thoroughbred",1
"8",2009,2009-04-21,"EQUINE DEATH","Finger Lakes Gaming & Racetrack","Thoroughbred",1
"9",2009,2009-04-25,"EQUINE DEATH","Aqueduct Racetrack (NYRA)","Thoroughbred",1
"10",2009,2009-04-28,"EQUINE DEATH","Aqueduct Racetrack (NYRA)","Thoroughbred",1
"11",2009,2009-04-28,"EQUINE DEATH","Belmont Park (NYRA)","Thoroughbred",1
"12",2009,2009-04-28,"EQUINE DEATH","Finger Lakes Gaming & Racetrack","Thoroughbred",1
"13",2009,2009-04-28,"EQUINE DEATH","Finger Lakes Gaming & Racetrack","Thoroughbred",1
"14",2009,2009-05-02,"EQUINE DEATH","Finger Lakes Gaming & Racetrack","Thoroughbred",1
"15",2009,2009-05-03,"EQUINE DEATH","Belmont Park (NYRA)","Thoroughbred",1
"16",2009,2009-05-04,"EQUINE DEATH","Monticello Raceway & Mighty M Gaming","Harness",1
"17",2009,2009-05-07,"EQUINE DEATH","Belmont Park (NYRA)","Thoroughbred",1
"18",2009,2009-05-15,"EQUINE DEATH","Belmont Park (NYRA)","Thoroughbred",1
"19",2009,2009-05-15,"EQUINE DEATH","Yonkers Raceway","Harness",1
"20",2009,2009-05-20,"EQUINE DEATH","Belmont Park (NYRA)","Thoroughbred",1
"21",2009,2009-05-28,"EQUINE DEATH","Belmont Park (NYRA)","Thoroughbred",1
"22",2009,2009-05-30,"EQUINE DEATH","Belmont Park (NYRA)","Thoroughbred",1
"23",2009,2009-05-31,"EQUINE DEATH","Belmont Park (NYRA)","Thoroughbred",1
"24",2009,2009-05-31,"EQUINE DEATH","Belmont Park (NYRA)","Thoroughbred",1
"25",2009,2009-06-05,"EQUINE DEATH","Finger Lakes Gaming & Racetrack","Thoroughbred",1
"26",2009,2009-06-09,"EQUINE DEATH","Finger Lakes Gaming & Racetrack","Thoroughbred",1
"27",2009,2009-06-13,"EQUINE DEATH","Finger Lakes Gaming & Racetrack","Thoroughbred",1
"28",2009,2009-06-17,"EQUINE DEATH","Belmont Park (NYRA)","Thoroughbred",1
"29",2009,2009-06-19,"EQUINE DEATH","Vernon Downs","Harness",1
"30",2009,2009-06-20,"EQUINE DEATH","Belmont Park (NYRA)","Thoroughbred",1
"31",2009,2009-06-21,"EQUINE DEATH","Finger Lakes Gaming & Racetrack","Thoroughbred",1
"32",2009,2009-06-27,"EQUINE DEATH","Belmont Park (NYRA)","Thoroughbred",1
"33",2009,2009-06-30,"EQUINE DEATH","Finger Lakes Gaming & Racetrack","Thoroughbred",1
"34",2009,2009-07-01,"EQUINE DEATH","Belmont Park (NYRA)","Thoroughbred",1
"35",2009,2009-07-01,"EQUINE DEATH","Belmont Park (NYRA)","Thoroughbred",1
"36",2009,2009-07-01,"EQUINE DEATH","Saratoga Gaming & Raceway","Thoroughbred",1
"37",2009,2009-07-05,"EQUINE DEATH","Belmont Park (NYRA)","Thoroughbred",1
"38",2009,2009-07-05,"EQUINE DEATH","Finger Lakes Gaming & Racetrack","Thoroughbred",1
"39",2009,2009-07-08,"EQUINE DEATH","Belmont Park (NYRA)","Thoroughbred",1
"40",2009,2009-07-09,"EQUINE DEATH","Belmont Park (NYRA)","Thoroughbred",1
"41",2009,2009-07-11,"EQUINE DEATH","Aqueduct Racetrack (NYRA)","Thoroughbred",1
"42",2009,2009-07-12,"EQUINE DEATH","Finger Lakes Gaming & Racetrack","Thoroughbred",1
"43",2009,2009-07-13,"EQUINE DEATH","Finger Lakes Gaming & Racetrack","Thoroughbred",1
"44",2009,2009-07-14,"EQUINE DEATH","Aqueduct Racetrack (NYRA)","Thoroughbred",1
"45",2009,2009-07-14,"EQUINE DEATH","Saratoga Gaming & Raceway","Thoroughbred",1
"46",2009,2009-07-17,"EQUINE DEATH","Belmont Park (NYRA)","Thoroughbred",1
"47",2009,2009-07-21,"EQUINE DEATH","Aqueduct Racetrack (NYRA)","Thoroughbred",1
"48",2009,2009-07-21,"EQUINE DEATH","Finger Lakes Gaming & Racetrack","Thoroughbred",1
"49",2009,2009-07-22,"EQUINE DEATH","Belmont Park (NYRA)","Thoroughbred",1
"50",2009,2009-07-22,"EQUINE DEATH","Finger Lakes Gaming & Racetrack","Thoroughbred",1
"51",2009,2009-07-23,"EQUINE DEATH","Saratoga Gaming & Raceway","Harness",1
"52",2009,2009-07-24,"EQUINE DEATH","Finger Lakes Gaming & Racetrack","Thoroughbred",1
"53",2009,2009-07-25,"EQUINE DEATH","Belmont Park (NYRA)","Thoroughbred",1
"54",2009,2009-07-26,"EQUINE DEATH","Finger Lakes Gaming & Racetrack","Thoroughbred",1
"55",2009,2009-07-27,"EQUINE DEATH","Yonkers Raceway","Harness",1
"56",2009,2009-07-28,"EQUINE DEATH","Finger Lakes Gaming & Racetrack","Thoroughbred",1
"57",2009,2009-07-29,"EQUINE DEATH","Saratoga Gaming & Raceway","Thoroughbred",1
"58",2009,2009-08-02,"EQUINE DEATH","Saratoga Gaming & Raceway","Thoroughbred",1
"59",2009,2009-08-04,"EQUINE DEATH","Belmont Park (NYRA)","Thoroughbred",1
"60",2009,2009-08-04,"EQUINE DEATH","Finger Lakes Gaming & Racetrack","Thoroughbred",1
"61",2009,2009-08-04,"EQUINE DEATH","Saratoga Gaming & Raceway","Thoroughbred",1
"62",2009,2009-08-04,"EQUINE DEATH","Saratoga Gaming & Raceway","Thoroughbred",1
"63",2009,2009-08-06,"EQUINE DEATH","Saratoga Gaming & Raceway","Thoroughbred",1
"64",2009,2009-08-11,"EQUINE DEATH","Monticello Raceway & Mighty M Gaming","Harness",1
"65",2009,2009-08-13,"EQUINE DEATH","Batavia Downs","Harness",1
"66",2009,2009-08-13,"EQUINE DEATH","Finger Lakes Gaming & Racetrack","Thoroughbred",1
"67",2009,2009-08-21,"EQUINE DEATH","Batavia Downs","Harness",1
"68",2009,2009-08-23,"EQUINE DEATH","Aqueduct Racetrack (NYRA)","Thoroughbred",1
"69",2009,2009-08-24,"EQUINE DEATH","Finger Lakes Gaming & Racetrack","Thoroughbred",1
"70",2009,2009-08-28,"EQUINE DEATH","Finger Lakes Gaming & Racetrack","Thoroughbred",1
"71",2009,2009-09-01,"EQUINE DEATH","Belmont Park (NYRA)","Thoroughbred",1
"72",2009,2009-09-03,"EQUINE DEATH","Saratoga Gaming & Raceway","Thoroughbred",1
"73",2009,2009-09-06,"EQUINE DEATH","Finger Lakes Gaming & Racetrack","Thoroughbred",1
"74",2009,2009-09-06,"EQUINE DEATH","Finger Lakes Gaming & Racetrack","Thoroughbred",1
"75",2009,2009-09-07,"EQUINE DEATH","Batavia Downs","Harness",1
"76",2009,2009-09-07,"EQUINE DEATH","Saratoga Gaming & Raceway","Thoroughbred",1
"77",2009,2009-09-10,"EQUINE DEATH","Belmont Park (NYRA)","Thoroughbred",1
"78",2009,2009-09-11,"EQUINE DEATH","Belmont Park (NYRA)","Thoroughbred",1
"79",2009,2009-09-12,"EQUINE DEATH","Belmont Park (NYRA)","Thoroughbred",1
"80",2009,2009-09-16,"EQUINE DEATH","Belmont Park (NYRA)","Thoroughbred",1
"81",2009,2009-09-16,"EQUINE DEATH","Belmont Park (NYRA)","Thoroughbred",1
"82",2009,2009-09-17,"EQUINE DEATH","Finger Lakes Gaming & Racetrack","Thoroughbred",1
"83",2009,2009-09-21,"EQUINE DEATH","Finger Lakes Gaming & Racetrack","Thoroughbred",1
"84",2009,2009-09-22,"EQUINE DEATH","Finger Lakes Gaming & Racetrack","Thoroughbred",1
"85",2009,2009-09-22,"EQUINE DEATH","Finger Lakes Gaming & Racetrack","Thoroughbred",1
"86",2009,2009-09-26,"EQUINE DEATH","Finger Lakes Gaming & Racetrack","Thoroughbred",1
"87",2009,2009-10-03,"EQUINE DEATH","Belmont Park (NYRA)","Thoroughbred",1
"88",2009,2009-10-04,"EQUINE DEATH","Saratoga Gaming & Raceway","Thoroughbred",1
"89",2009,2009-10-08,"EQUINE DEATH","Belmont Park (NYRA)","Thoroughbred",1
"90",2009,2009-10-09,"EQUINE DEATH","Belmont Park (NYRA)","Thoroughbred",1
"91",2009,2009-10-09,"EQUINE DEATH","Belmont Park (NYRA)","Thoroughbred",1
"92",2009,2009-10-09,"EQUINE DEATH","Finger Lakes Gaming & Racetrack","Thoroughbred",1
"93",2009,2009-10-09,"EQUINE DEATH","Finger Lakes Gaming & Racetrack","Thoroughbred",1
"94",2009,2009-10-09,"EQUINE DEATH","Finger Lakes Gaming & Racetrack","Thoroughbred",1
"95",2009,2009-10-12,"EQUINE DEATH","Finger Lakes Gaming & Racetrack","Thoroughbred",1
"96",2009,2009-10-17,"EQUINE DEATH","Saratoga Gaming & Raceway","Thoroughbred",1
"97",2009,2009-10-18,"EQUINE DEATH","Belmont Park (NYRA)","Thoroughbred",1
"98",2009,2009-10-21,"EQUINE DEATH","Aqueduct Racetrack (NYRA)","Thoroughbred",1
"99",2009,2009-10-21,"EQUINE DEATH","Belmont Park (NYRA)","Thoroughbred",1
"100",2009,2009-10-22,"EQUINE DEATH","Finger Lakes Gaming & Racetrack","Thoroughbred",1
"101",2009,2009-10-26,"EQUINE DEATH","Finger Lakes Gaming & Racetrack","Thoroughbred",1
"102",2009,2009-10-27,"EQUINE DEATH","Finger Lakes Gaming & Racetrack","Thoroughbred",1
"103",2009,2009-10-27,"EQUINE DEATH","Finger Lakes Gaming & Racetrack","Thoroughbred",1
"104",2009,2009-10-30,"EQUINE DEATH","Belmont Park (NYRA)","Thoroughbred",1
"105",2009,2009-10-30,"EQUINE DEATH","Finger Lakes Gaming & Racetrack","Thoroughbred",1
"106",2009,2009-11-02,"EQUINE DEATH","Monticello Raceway & Mighty M Gaming","Harness",1
"107",2009,2009-11-05,"EQUINE DEATH","Finger Lakes Gaming & Racetrack","Thoroughbred",1
"108",2009,2009-11-06,"EQUINE DEATH","Yonkers Raceway","Harness",1
"109",2009,2009-11-10,"EQUINE DEATH","Batavia Downs","Harness",1
"110",2009,2009-11-13,"EQUINE DEATH","Aqueduct Racetrack (NYRA)","Thoroughbred",1
"111",2009,2009-11-16,"EQUINE DEATH","Finger Lakes Gaming & Racetrack","Thoroughbred",1
"112",2009,2009-11-21,"EQUINE DEATH","Aqueduct Racetrack (NYRA)","Thoroughbred",1
"113",2009,2009-11-21,"EQUINE DEATH","Aqueduct Racetrack (NYRA)","Thoroughbred",1
"114",2009,2009-11-26,"EQUINE DEATH","Aqueduct Racetrack (NYRA)","Thoroughbred",1
"115",2009,2009-11-27,"EQUINE DEATH","Finger Lakes Gaming & Racetrack","Thoroughbred",1
"116",2009,2009-11-28,"EQUINE DEATH","Aqueduct Racetrack (NYRA)","Thoroughbred",1
"117",2009,2009-11-29,"EQUINE DEATH","Aqueduct Racetrack (NYRA)","Thoroughbred",1
"118",2009,2009-11-30,"EQUINE DEATH","Finger Lakes Gaming & Racetrack","Thoroughbred",1
"119",2009,2009-12-01,"EQUINE DEATH","Yonkers Raceway","Harness",1
"120",2009,2009-12-03,"EQUINE DEATH","Monticello Raceway & Mighty M Gaming","Harness",1
"121",2009,2009-12-11,"EQUINE DEATH","Yonkers Raceway","Harness",1
"122",2009,2009-12-14,"EQUINE DEATH","Belmont Park (NYRA)","Thoroughbred",1
"123",2009,2009-12-15,"EQUINE DEATH","Belmont Park (NYRA)","Thoroughbred",1
"124",2009,2009-12-23,"EQUINE DEATH","Monticello Raceway & Mighty M Gaming","Harness",1
"125",2009,2009-12-28,"EQUINE DEATH","Belmont Park (NYRA)","Thoroughbred",1
"126",2009,2009-12-30,"EQUINE DEATH","Aqueduct Racetrack (NYRA)","Thoroughbred",1
"127",2009,2009-12-31,"EQUINE DEATH","Aqueduct Racetrack (NYRA)","Thoroughbred",1
"128",2010,2010-01-07,"EQUINE DEATH","Belmont Park (NYRA)","Thoroughbred",1
"129",2010,2010-01-08,"EQUINE DEATH","Belmont Park (NYRA)","Thoroughbred",1
"130",2010,2010-01-10,"EQUINE DEATH","Aqueduct Racetrack (NYRA)","Thoroughbred",1
"131",2010,2010-01-11,"EQUINE DEATH","Aqueduct Racetrack (NYRA)","Thoroughbred",1
"132",2010,2010-01-13,"EQUINE DEATH","Aqueduct Racetrack (NYRA)","Thoroughbred",1
"133",2010,2010-01-15,"EQUINE DEATH","Belmont Park (NYRA)","Thoroughbred",1
"134",2010,2010-01-18,"EQUINE DEATH","Aqueduct Racetrack (NYRA)","Thoroughbred",1
"135",2010,2010-01-20,"EQUINE DEATH","Belmont Park (NYRA)","Thoroughbred",1
"136",2010,2010-01-21,"EQUINE DEATH","Belmont Park (NYRA)","Thoroughbred",1
"137",2010,2010-01-23,"EQUINE DEATH","Aqueduct Racetrack (NYRA)","Thoroughbred",1
"138",2010,2010-01-23,"EQUINE DEATH","Buffalo Raceway","Harness",1
"139",2010,2010-01-24,"EQUINE DEATH","Aqueduct Racetrack (NYRA)","Thoroughbred",1
"140",2010,2010-01-25,"EQUINE DEATH","Belmont Park (NYRA)","Thoroughbred",1
"141",2010,2010-01-29,"EQUINE DEATH","Belmont Park (NYRA)","Thoroughbred",1
"142",2010,2010-01-31,"EQUINE DEATH","Buffalo Raceway","Harness",1
"143",2010,2010-02-03,"EQUINE DEATH","Belmont Park (NYRA)","Thoroughbred",1
"144",2010,2010-02-13,"EQUINE DEATH","Belmont Park (NYRA)","Thoroughbred",1
"145",2010,2010-02-15,"EQUINE DEATH","Aqueduct Racetrack (NYRA)","Thoroughbred",1
"146",2010,2010-02-15,"EQUINE DEATH","Aqueduct Racetrack (NYRA)","Thoroughbred",1
"147",2010,2010-02-16,"EQUINE DEATH","Buffalo Raceway","Harness",1
"148",2010,2010-02-17,"EQUINE DEATH","Belmont Park (NYRA)","Thoroughbred",1
"149",2010,2010-02-17,"EQUINE DEATH","Monticello Raceway & Mighty M Gaming","Harness",1
"150",2010,2010-02-18,"EQUINE DEATH","Aqueduct Racetrack (NYRA)","Thoroughbred",1
"151",2010,2010-02-20,"EQUINE DEATH","Belmont Park (NYRA)","Thoroughbred",1
"152",2010,2010-02-25,"EQUINE DEATH","Aqueduct Racetrack (NYRA)","Thoroughbred",1
"153",2010,2010-02-27,"EQUINE DEATH","Yonkers Raceway","Harness",1
"154",2010,2010-03-04,"EQUINE DEATH","Aqueduct Racetrack (NYRA)","Thoroughbred",1
"155",2010,2010-03-04,"EQUINE DEATH","Belmont Park (NYRA)","Thoroughbred",1
"156",2010,2010-03-04,"EQUINE DEATH","Yonkers Raceway","Harness",1
"157",2010,2010-03-07,"EQUINE DEATH","Belmont Park (NYRA)","Thoroughbred",1
"158",2010,2010-03-11,"EQUINE DEATH","Aqueduct Racetrack (NYRA)","Thoroughbred",1
"159",2010,2010-03-11,"EQUINE DEATH","Belmont Park (NYRA)","Thoroughbred",1
"160",2010,2010-03-11,"EQUINE DEATH","Belmont Park (NYRA)","Thoroughbred",1
"161",2010,2010-03-13,"EQUINE DEATH","Belmont Park (NYRA)","Thoroughbred",1
"162",2010,2010-03-18,"EQUINE DEATH","Monticello Raceway & Mighty M Gaming","Harness",1
"163",2010,2010-03-19,"EQUINE DEATH","Finger Lakes Gaming & Racetrack","Thoroughbred",1
"164",2010,2010-03-19,"EQUINE DEATH","Saratoga Gaming & Raceway","Harness",1
"165",2010,2010-03-23,"EQUINE DEATH","Belmont Park (NYRA)","Thoroughbred",1
"166",2010,2010-04-02,"EQUINE DEATH","Belmont Park (NYRA)","Thoroughbred",1
"167",2010,2010-04-02,"EQUINE DEATH","Belmont Park (NYRA)","Thoroughbred",1
"168",2010,2010-04-03,"EQUINE DEATH","Aqueduct Racetrack (NYRA)","Thoroughbred",1
"169",2010,2010-04-04,"EQUINE DEATH","Buffalo Raceway","Harness",1
"170",2010,2010-04-05,"EQUINE DEATH","Belmont Park (NYRA)","Thoroughbred",1
"171",2010,2010-04-08,"EQUINE DEATH","Aqueduct Racetrack (NYRA)","Thoroughbred",1
"172",2010,2010-04-11,"EQUINE DEATH","Belmont Park (NYRA)","Thoroughbred",1
"173",2010,2010-04-15,"EQUINE DEATH","Aqueduct Racetrack (NYRA)","Thoroughbred",1
"174",2010,2010-04-16,"EQUINE DEATH","Buffalo Raceway","Harness",1
"175",2010,2010-04-19,"EQUINE DEATH","Belmont Park (NYRA)","Thoroughbred",1
"176",2010,2010-04-20,"EQUINE DEATH","Belmont Park (NYRA)","Thoroughbred",1
"177",2010,2010-04-20,"EQUINE DEATH","Finger Lakes Gaming & Racetrack","Thoroughbred",1
"178",2010,2010-04-21,"EQUINE DEATH","Buffalo Raceway","Harness",1
"179",2010,2010-04-23,"EQUINE DEATH","Aqueduct Racetrack (NYRA)","Thoroughbred",1
"180",2010,2010-04-24,"EQUINE DEATH","Aqueduct Racetrack (NYRA)","Thoroughbred",1
"181",2010,2010-04-24,"EQUINE DEATH","Aqueduct Racetrack (NYRA)","Thoroughbred",1
"182",2010,2010-04-24,"EQUINE DEATH","Saratoga Gaming & Raceway","Harness",1
"183",2010,2010-04-25,"EQUINE DEATH","Finger Lakes Gaming & Racetrack","Thoroughbred",1
"184",2010,2010-04-30,"EQUINE DEATH","Belmont Park (NYRA)","Thoroughbred",1
"185",2010,2010-05-01,"EQUINE DEATH","Belmont Park (NYRA)","Thoroughbred",1
"186",2010,2010-05-01,"EQUINE DEATH","Belmont Park (NYRA)","Thoroughbred",1
"187",2010,2010-05-03,"EQUINE DEATH","Belmont Park (NYRA)","Thoroughbred",1
"188",2010,2010-05-06,"EQUINE DEATH","Belmont Park (NYRA)","Thoroughbred",1
"189",2010,2010-05-07,"EQUINE DEATH","Aqueduct Racetrack (NYRA)","Thoroughbred",1
"190",2010,2010-05-07,"EQUINE DEATH","Belmont Park (NYRA)","Thoroughbred",1
"191",2010,2010-05-11,"EQUINE DEATH","Finger Lakes Gaming & Racetrack","Thoroughbred",1
"192",2010,2010-05-13,"EQUINE DEATH","Belmont Park (NYRA)","Thoroughbred",1
"193",2010,2010-05-13,"EQUINE DEATH","Finger Lakes Gaming & Racetrack","Thoroughbred",1
"194",2010,2010-05-14,"EQUINE DEATH","Saratoga Gaming & Raceway","Harness",1
"195",2010,2010-05-15,"EQUINE DEATH","Finger Lakes Gaming & Racetrack","Thoroughbred",1
"196",2010,2010-05-17,"EQUINE DEATH","Belmont Park (NYRA)","Thoroughbred",1
"197",2010,2010-05-20,"EQUINE DEATH","Belmont Park (NYRA)","Thoroughbred",1
"198",2010,2010-05-21,"EQUINE DEATH","Belmont Park (NYRA)","Thoroughbred",1
"199",2010,2010-05-21,"EQUINE DEATH","Finger Lakes Gaming & Racetrack","Thoroughbred",1
"200",2010,2010-05-22,"EQUINE DEATH","Belmont Park (NYRA)","Thoroughbred",1
"201",2010,2010-05-31,"EQUINE DEATH","Belmont Park (NYRA)","Thoroughbred",1
"202",2010,2010-05-31,"EQUINE DEATH","Saratoga Gaming & Raceway","Harness",1
"203",2010,2010-06-04,"EQUINE DEATH","Belmont Park (NYRA)","Thoroughbred",1
"204",2010,2010-06-04,"EQUINE DEATH","Finger Lakes Gaming & Racetrack","Thoroughbred",1
"205",2010,2010-06-05,"EQUINE DEATH","Finger Lakes Gaming & Racetrack","Thoroughbred",1
"206",2010,2010-06-08,"EQUINE DEATH","Monticello Raceway & Mighty M Gaming","Harness",1
"207",2010,2010-06-10,"EQUINE DEATH","Finger Lakes Gaming & Racetrack","Thoroughbred",1
"208",2010,2010-06-11,"EQUINE DEATH","Belmont Park (NYRA)","Thoroughbred",1
"209",2010,2010-06-11,"EQUINE DEATH","Finger Lakes Gaming & Racetrack","Thoroughbred",1
"210",2010,2010-06-15,"EQUINE DEATH","Finger Lakes Gaming & Racetrack","Thoroughbred",1
"211",2010,2010-06-17,"EQUINE DEATH","Aqueduct Racetrack (NYRA)","Thoroughbred",1
"212",2010,2010-06-17,"EQUINE DEATH","Finger Lakes Gaming & Racetrack","Thoroughbred",1
"213",2010,2010-06-17,"EQUINE DEATH","Finger Lakes Gaming & Racetrack","Thoroughbred",1
"214",2010,2010-06-17,"EQUINE DEATH","Monticello Raceway & Mighty M Gaming","Harness",1
"215",2010,2010-06-18,"EQUINE DEATH","Finger Lakes Gaming & Racetrack","Thoroughbred",1
"216",2010,2010-06-18,"EQUINE DEATH","Saratoga Gaming & Raceway","Harness",1
"217",2010,2010-06-20,"EQUINE DEATH","Belmont Park (NYRA)","Thoroughbred",1
"218",2010,2010-06-22,"EQUINE DEATH","Monticello Raceway & Mighty M Gaming","Harness",1
"219",2010,2010-06-23,"EQUINE DEATH","Belmont Park (NYRA)","Thoroughbred",1
"220",2010,2010-06-26,"EQUINE DEATH","Finger Lakes Gaming & Racetrack","Thoroughbred",1
"221",2010,2010-06-27,"EQUINE DEATH","Buffalo Raceway","Harness",1
"222",2010,2010-07-01,"EQUINE DEATH","Finger Lakes Gaming & Racetrack","Thoroughbred",1
"223",2010,2010-07-02,"EQUINE DEATH","Buffalo Raceway","Harness",1
"224",2010,2010-07-03,"EQUINE DEATH","Belmont Park (NYRA)","Thoroughbred",1
"225",2010,2010-07-03,"EQUINE DEATH","Belmont Park (NYRA)","Thoroughbred",1
"226",2010,2010-07-04,"EQUINE DEATH","Belmont Park (NYRA)","Thoroughbred",1
"227",2010,2010-07-09,"EQUINE DEATH","Belmont Park (NYRA)","Thoroughbred",1
"228",2010,2010-07-10,"EQUINE DEATH","Belmont Park (NYRA)","Thoroughbred",1
"229",2010,2010-07-10,"EQUINE DEATH","Finger Lakes Gaming & Racetrack","Thoroughbred",1
"230",2010,2010-07-13,"EQUINE DEATH","Finger Lakes Gaming & Racetrack","Thoroughbred",1
"231",2010,2010-07-13,"EQUINE DEATH","Finger Lakes Gaming & Racetrack","Thoroughbred",1
"232",2010,2010-07-14,"EQUINE DEATH","Buffalo Raceway","Harness",1
"233",2010,2010-07-15,"EQUINE DEATH","Belmont Park (NYRA)","Thoroughbred",1
"234",2010,2010-07-16,"EQUINE DEATH","Aqueduct Racetrack (NYRA)","Thoroughbred",1
"235",2010,2010-07-17,"EQUINE DEATH","Finger Lakes Gaming & Racetrack","Thoroughbred",1
"236",2010,2010-07-18,"EQUINE DEATH","Saratoga Gaming & Raceway","Thoroughbred",1
"237",2010,2010-07-19,"EQUINE DEATH","Finger Lakes Gaming & Racetrack","Thoroughbred",1
"238",2010,2010-07-23,"EQUINE DEATH","Finger Lakes Gaming & Racetrack","Thoroughbred",1
"239",2010,2010-07-25,"EQUINE DEATH","Tioga Downs","Harness",1
"240",2010,2010-07-29,"EQUINE DEATH","Batavia Downs","Harness",1
"241",2010,2010-07-31,"EQUINE DEATH","Finger Lakes Gaming & Racetrack","Thoroughbred",1
"242",2010,2010-07-31,"EQUINE DEATH","Saratoga Gaming & Raceway","Thoroughbred",1
"243",2010,2010-08-02,"EQUINE DEATH","Belmont Park (NYRA)","Thoroughbred",1
"244",2010,2010-08-02,"EQUINE DEATH","Finger Lakes Gaming & Racetrack","Thoroughbred",1
"245",2010,2010-08-02,"EQUINE DEATH","Saratoga Gaming & Raceway","Thoroughbred",1
"246",2010,2010-08-09,"EQUINE DEATH","Belmont Park (NYRA)","Thoroughbred",1
"247",2010,2010-08-12,"EQUINE DEATH","Finger Lakes Gaming & Racetrack","Thoroughbred",1
"248",2010,2010-08-12,"EQUINE DEATH","Monticello Raceway & Mighty M Gaming","Harness",1
"249",2010,2010-08-13,"EQUINE DEATH","Saratoga Gaming & Raceway","Harness",1
"250",2010,2010-08-14,"EQUINE DEATH","Finger Lakes Gaming & Racetrack","Thoroughbred",1
"251",2010,2010-08-15,"EQUINE DEATH","Saratoga Gaming & Raceway","Thoroughbred",1
"252",2010,2010-08-16,"EQUINE DEATH","Finger Lakes Gaming & Racetrack","Thoroughbred",1
"253",2010,2010-08-17,"EQUINE DEATH","Saratoga Gaming & Raceway","Thoroughbred",1
"254",2010,2010-08-18,"EQUINE DEATH","Saratoga Gaming & Raceway","Thoroughbred",1
"255",2010,2010-08-19,"EQUINE DEATH","Belmont Park (NYRA)","Thoroughbred",1
"256",2010,2010-08-19,"EQUINE DEATH","Finger Lakes Gaming & Racetrack","Thoroughbred",1
"257",2010,2010-08-20,"EQUINE DEATH","Finger Lakes Gaming & Racetrack","Thoroughbred",1
"258",2010,2010-08-20,"EQUINE DEATH","Saratoga Gaming & Raceway","Thoroughbred",1
"259",2010,2010-08-22,"EQUINE DEATH","Tioga Downs","Harness",1
"260",2010,2010-08-22,"EQUINE DEATH","Vernon Downs","Harness",1
"261",2010,2010-08-23,"EQUINE DEATH","Finger Lakes Gaming & Racetrack","Thoroughbred",1
"262",2010,2010-08-24,"EQUINE DEATH","Belmont Park (NYRA)","Thoroughbred",1
"263",2010,2010-08-26,"EQUINE DEATH","Monticello Raceway & Mighty M Gaming","Harness",1
"264",2010,2010-08-26,"EQUINE DEATH","Saratoga Gaming & Raceway","Thoroughbred",1
"265",2010,2010-08-27,"EQUINE DEATH","Finger Lakes Gaming & Racetrack","Thoroughbred",1
"266",2010,2010-08-28,"EQUINE DEATH","Saratoga Gaming & Raceway","Thoroughbred",1
"267",2010,2010-08-29,"EQUINE DEATH","Finger Lakes Gaming & Racetrack","Thoroughbred",1
"268",2010,2010-08-29,"EQUINE DEATH","Saratoga Gaming & Raceway","Thoroughbred",1
"269",2010,2010-08-30,"EQUINE DEATH","Belmont Park (NYRA)","Thoroughbred",1
"270",2010,2010-08-31,"EQUINE DEATH","Finger Lakes Gaming & Racetrack","Thoroughbred",1
"271",2010,2010-08-31,"EQUINE DEATH","Saratoga Gaming & Raceway","Thoroughbred",1
"272",2010,2010-09-01,"EQUINE DEATH","Saratoga Gaming & Raceway","Thoroughbred",1
"273",2010,2010-09-02,"EQUINE DEATH","Saratoga Gaming & Raceway","Thoroughbred",1
"274",2010,2010-09-03,"EQUINE DEATH","Saratoga Gaming & Raceway","Thoroughbred",1
"275",2010,2010-09-03,"EQUINE DEATH","Saratoga Gaming & Raceway","Thoroughbred",1
"276",2010,2010-09-04,"EQUINE DEATH","Belmont Park (NYRA)","Thoroughbred",1
"277",2010,2010-09-08,"EQUINE DEATH","Belmont Park (NYRA)","Thoroughbred",1
"278",2010,2010-09-11,"EQUINE DEATH","Belmont Park (NYRA)","Thoroughbred",1
"279",2010,2010-09-11,"EQUINE DEATH","Finger Lakes Gaming & Racetrack","Thoroughbred",1
"280",2010,2010-09-13,"EQUINE DEATH","Finger Lakes Gaming & Racetrack","Thoroughbred",1
"281",2010,2010-09-17,"EQUINE DEATH","Belmont Park (NYRA)","Thoroughbred",1
"282",2010,2010-09-17,"EQUINE DEATH","Finger Lakes Gaming & Racetrack","Thoroughbred",1
"283",2010,2010-09-17,"EQUINE DEATH","Finger Lakes Gaming & Racetrack","Thoroughbred",1
"284",2010,2010-09-19,"EQUINE DEATH","Belmont Park (NYRA)","Thoroughbred",1
"285",2010,2010-09-20,"EQUINE DEATH","Finger Lakes Gaming & Racetrack","Thoroughbred",1
"286",2010,2010-09-21,"EQUINE DEATH","Finger Lakes Gaming & Racetrack","Thoroughbred",1
"287",2010,2010-09-22,"EQUINE DEATH","Belmont Park (NYRA)","Thoroughbred",1
"288",2010,2010-09-24,"EQUINE DEATH","Finger Lakes Gaming & Racetrack","Thoroughbred",1
"289",2010,2010-09-25,"EQUINE DEATH","Finger Lakes Gaming & Racetrack","Thoroughbred",1
"290",2010,2010-09-26,"EQUINE DEATH","Finger Lakes Gaming & Racetrack","Thoroughbred",1
"291",2010,2010-09-28,"EQUINE DEATH","Finger Lakes Gaming & Racetrack","Thoroughbred",1
"292",2010,2010-10-02,"EQUINE DEATH","Finger Lakes Gaming & Racetrack","Thoroughbred",1
"293",2010,2010-10-03,"EQUINE DEATH","Belmont Park (NYRA)","Thoroughbred",1
"294",2010,2010-10-06,"EQUINE DEATH","Belmont Park (NYRA)","Thoroughbred",1
"295",2010,2010-10-07,"EQUINE DEATH","Finger Lakes Gaming & Racetrack","Thoroughbred",1
"296",2010,2010-10-08,"EQUINE DEATH","Belmont Park (NYRA)","Thoroughbred",1
"297",2010,2010-10-10,"EQUINE DEATH","Batavia Downs","Harness",1
"298",2010,2010-10-10,"EQUINE DEATH","Belmont Park (NYRA)","Thoroughbred",1
"299",2010,2010-10-11,"EQUINE DEATH","Finger Lakes Gaming & Racetrack","Thoroughbred",1
"300",2010,2010-10-13,"EQUINE DEATH","Finger Lakes Gaming & Racetrack","Thoroughbred",1
"301",2010,2010-10-16,"EQUINE DEATH","Finger Lakes Gaming & Racetrack","Thoroughbred",1
"302",2010,2010-10-17,"EQUINE DEATH","Belmont Park (NYRA)","Thoroughbred",1
"303",2010,2010-10-17,"EQUINE DEATH","Belmont Park (NYRA)","Thoroughbred",1
"304",2010,2010-10-22,"EQUINE DEATH","Yonkers Raceway","Harness",1
"305",2010,2010-10-23,"EQUINE DEATH","Finger Lakes Gaming & Racetrack","Thoroughbred",1
"306",2010,2010-10-24,"EQUINE DEATH","Belmont Park (NYRA)","Thoroughbred",1
"307",2010,2010-10-26,"EQUINE DEATH","Finger Lakes Gaming & Racetrack","Thoroughbred",1
"308",2010,2010-10-29,"EQUINE DEATH","Belmont Park (NYRA)","Thoroughbred",1
"309",2010,2010-10-30,"EQUINE DEATH","Aqueduct Racetrack (NYRA)","Thoroughbred",1
"310",2010,2010-10-31,"EQUINE DEATH","Finger Lakes Gaming & Racetrack","Thoroughbred",1
"311",2010,2010-11-02,"EQUINE DEATH","Finger Lakes Gaming & Racetrack","Thoroughbred",1
"312",2010,2010-11-02,"EQUINE DEATH","Finger Lakes Gaming & Racetrack","Thoroughbred",1
"313",2010,2010-11-05,"EQUINE DEATH","Finger Lakes Gaming & Racetrack","Thoroughbred",1
"314",2010,2010-11-08,"EQUINE DEATH","Finger Lakes Gaming & Racetrack","Thoroughbred",1
"315",2010,2010-11-09,"EQUINE DEATH","Finger Lakes Gaming & Racetrack","Thoroughbred",1
"316",2010,2010-11-14,"EQUINE DEATH","Aqueduct Racetrack (NYRA)","Thoroughbred",1
"317",2010,2010-11-14,"EQUINE DEATH","Belmont Park (NYRA)","Thoroughbred",1
"318",2010,2010-11-18,"EQUINE DEATH","Finger Lakes Gaming & Racetrack","Thoroughbred",1
"319",2010,2010-11-20,"EQUINE DEATH","Finger Lakes Gaming & Racetrack","Thoroughbred",1
"320",2010,2010-11-24,"EQUINE DEATH","Batavia Downs","Harness",1
"321",2010,2010-11-24,"EQUINE DEATH","Monticello Raceway & Mighty M Gaming","Harness",1
"322",2010,2010-11-27,"EQUINE DEATH","Aqueduct Racetrack (NYRA)","Thoroughbred",1
"323",2010,2010-11-27,"EQUINE DEATH","Finger Lakes Gaming & Racetrack","Thoroughbred",1
"324",2010,2010-11-28,"EQUINE DEATH","Saratoga Gaming & Raceway","Harness",1
"325",2010,2010-11-28,"EQUINE DEATH","Saratoga Gaming & Raceway","Harness",1
"326",2010,2010-11-29,"EQUINE DEATH","Finger Lakes Gaming & Racetrack","Thoroughbred",1
"327",2010,2010-11-30,"EQUINE DEATH","Finger Lakes Gaming & Racetrack","Thoroughbred",1
"328",2010,2010-12-01,"EQUINE DEATH","Finger Lakes Gaming & Racetrack","Thoroughbred",1
"329",2010,2010-12-02,"EQUINE DEATH","Monticello Raceway & Mighty M Gaming","Harness",1
"330",2010,2010-12-11,"EQUINE DEATH","Aqueduct Racetrack (NYRA)","Thoroughbred",1
"331",2010,2010-12-11,"EQUINE DEATH","Aqueduct Racetrack (NYRA)","Thoroughbred",1
"332",2010,2010-12-11,"EQUINE DEATH","Aqueduct Racetrack (NYRA)","Thoroughbred",1
"333",2010,2010-12-12,"EQUINE DEATH","Aqueduct Racetrack (NYRA)","Thoroughbred",1
"334",2010,2010-12-31,"EQUINE DEATH","Aqueduct Racetrack (NYRA)","Thoroughbred",1
"335",2011,2011-01-14,"EQUINE DEATH","Aqueduct Racetrack (NYRA)","Thoroughbred",1
"336",2011,2011-01-15,"EQUINE DEATH","Belmont Park (NYRA)","Thoroughbred",1
"337",2011,2011-01-23,"EQUINE DEATH","Aqueduct Racetrack (NYRA)","Thoroughbred",1
"338",2011,2011-01-26,"EQUINE DEATH","Aqueduct Racetrack (NYRA)","Thoroughbred",1
"339",2011,2011-01-26,"EQUINE DEATH","Belmont Park (NYRA)","Thoroughbred",1
"340",2011,2011-01-27,"EQUINE DEATH","Belmont Park (NYRA)","Thoroughbred",1
"341",2011,2011-01-28,"EQUINE DEATH","Aqueduct Racetrack (NYRA)","Thoroughbred",1
"342",2011,2011-01-29,"EQUINE DEATH","Aqueduct Racetrack (NYRA)","Thoroughbred",1
"343",2011,2011-02-04,"EQUINE DEATH","Aqueduct Racetrack (NYRA)","Thoroughbred",1
"344",2011,2011-02-04,"EQUINE DEATH","Buffalo Raceway","Harness",1
"345",2011,2011-02-09,"EQUINE DEATH","Buffalo Raceway","Harness",1
"346",2011,2011-02-11,"EQUINE DEATH","Buffalo Raceway","Harness",1
"347",2011,2011-02-13,"EQUINE DEATH","Aqueduct Racetrack (NYRA)","Thoroughbred",1
"348",2011,2011-02-16,"EQUINE DEATH","Aqueduct Racetrack (NYRA)","Thoroughbred",1
"349",2011,2011-02-19,"EQUINE DEATH","Belmont Park (NYRA)","Thoroughbred",1
"350",2011,2011-02-19,"EQUINE DEATH","Buffalo Raceway","Harness",1
"351",2011,2011-02-24,"EQUINE DEATH","Aqueduct Racetrack (NYRA)","Thoroughbred",1
"352",2011,2011-02-24,"EQUINE DEATH","Belmont Park (NYRA)","Thoroughbred",1
"353",2011,2011-02-28,"EQUINE DEATH","Yonkers Raceway","Harness",1
"354",2011,2011-03-02,"EQUINE DEATH","Aqueduct Racetrack (NYRA)","Thoroughbred",1
"355",2011,2011-03-06,"EQUINE DEATH","Aqueduct Racetrack (NYRA)","Thoroughbred",1
"356",2011,2011-03-10,"EQUINE DEATH","Yonkers Raceway","Harness",1
"357",2011,2011-03-13,"EQUINE DEATH","Belmont Park (NYRA)","Thoroughbred",1
"358",2011,2011-03-19,"EQUINE DEATH","Belmont Park (NYRA)","Thoroughbred",1
"359",2011,2011-03-25,"EQUINE DEATH","Aqueduct Racetrack (NYRA)","Thoroughbred",1
"360",2011,2011-03-25,"EQUINE DEATH","Belmont Park (NYRA)","Thoroughbred",1
"361",2011,2011-03-29,"EQUINE DEATH","Monticello Raceway & Mighty M Gaming","Harness",1
"362",2011,2011-03-30,"EQUINE DEATH","Belmont Park (NYRA)","Thoroughbred",1
"363",2011,2011-03-30,"EQUINE DEATH","Buffalo Raceway","Harness",1
"364",2011,2011-04-16,"EQUINE DEATH","Buffalo Raceway","Harness",1
"365",2011,2011-04-19,"EQUINE DEATH","Finger Lakes Gaming & Racetrack","Thoroughbred",1
"366",2011,2011-04-22,"EQUINE DEATH","Belmont Park (NYRA)","Thoroughbred",1
"367",2011,2011-04-22,"EQUINE DEATH","Finger Lakes Gaming & Racetrack","Thoroughbred",1
"368",2011,2011-04-26,"EQUINE DEATH","Saratoga Gaming & Raceway","Harness",1
"369",2011,2011-05-08,"EQUINE DEATH","Belmont Park (NYRA)","Thoroughbred",1
"370",2011,2011-05-10,"EQUINE DEATH","Belmont Park (NYRA)","Thoroughbred",1
"371",2011,2011-05-13,"EQUINE DEATH","Finger Lakes Gaming & Racetrack","Thoroughbred",1
"372",2011,2011-05-14,"EQUINE DEATH","Belmont Park (NYRA)","Thoroughbred",1
"373",2011,2011-05-18,"EQUINE DEATH","Belmont Park (NYRA)","Thoroughbred",1
"374",2011,2011-05-18,"EQUINE DEATH","Belmont Park (NYRA)","Thoroughbred",1
"375",2011,2011-05-19,"EQUINE DEATH","Finger Lakes Gaming & Racetrack","Thoroughbred",1
"376",2011,2011-05-21,"EQUINE DEATH","Aqueduct Racetrack (NYRA)","Thoroughbred",1
"377",2011,2011-05-22,"EQUINE DEATH","Finger Lakes Gaming & Racetrack","Thoroughbred",1
"378",2011,2011-05-26,"EQUINE DEATH","Finger Lakes Gaming & Racetrack","Thoroughbred",1
"379",2011,2011-05-28,"EQUINE DEATH","Finger Lakes Gaming & Racetrack","Thoroughbred",1
"380",2011,2011-05-30,"EQUINE DEATH","Finger Lakes Gaming & Racetrack","Thoroughbred",1
"381",2011,2011-06-06,"EQUINE DEATH","Finger Lakes Gaming & Racetrack","Thoroughbred",1
"382",2011,2011-06-07,"EQUINE DEATH","Belmont Park (NYRA)","Thoroughbred",1
"383",2011,2011-06-10,"EQUINE DEATH","Finger Lakes Gaming & Racetrack","Thoroughbred",1
"384",2011,2011-06-11,"EQUINE DEATH","Belmont Park (NYRA)","Thoroughbred",1
"385",2011,2011-06-11,"EQUINE DEATH","Finger Lakes Gaming & Racetrack","Thoroughbred",1
"386",2011,2011-06-11,"EQUINE DEATH","Finger Lakes Gaming & Racetrack","Thoroughbred",1
"387",2011,2011-06-15,"EQUINE DEATH","Belmont Park (NYRA)","Thoroughbred",1
"388",2011,2011-06-21,"EQUINE DEATH","Finger Lakes Gaming & Racetrack","Thoroughbred",1
"389",2011,2011-06-22,"EQUINE DEATH","Belmont Park (NYRA)","Thoroughbred",1
"390",2011,2011-06-24,"EQUINE DEATH","Belmont Park (NYRA)","Thoroughbred",1
"391",2011,2011-06-24,"EQUINE DEATH","Finger Lakes Gaming & Racetrack","Thoroughbred",1
"392",2011,2011-06-26,"EQUINE DEATH","Aqueduct Racetrack (NYRA)","Thoroughbred",1
"393",2011,2011-06-28,"EQUINE DEATH","Finger Lakes Gaming & Racetrack","Thoroughbred",1
"394",2011,2011-06-30,"EQUINE DEATH","Aqueduct Racetrack (NYRA)","Thoroughbred",1
"395",2011,2011-07-06,"EQUINE DEATH","Belmont Park (NYRA)","Thoroughbred",1
"396",2011,2011-07-06,"EQUINE DEATH","Belmont Park (NYRA)","Thoroughbred",1
"397",2011,2011-07-09,"EQUINE DEATH","Finger Lakes Gaming & Racetrack","Thoroughbred",1
"398",2011,2011-07-09,"EQUINE DEATH","Finger Lakes Gaming & Racetrack","Thoroughbred",1
"399",2011,2011-07-11,"EQUINE DEATH","Saratoga Gaming & Raceway","Harness",1
"400",2011,2011-07-14,"EQUINE DEATH","Belmont Park (NYRA)","Thoroughbred",1
"401",2011,2011-07-14,"EQUINE DEATH","Belmont Park (NYRA)","Thoroughbred",1
"402",2011,2011-07-14,"EQUINE DEATH","Saratoga Gaming & Raceway","Thoroughbred",1
"403",2011,2011-07-15,"EQUINE DEATH","Finger Lakes Gaming & Racetrack","Thoroughbred",1
"404",2011,2011-07-16,"EQUINE DEATH","Aqueduct Racetrack (NYRA)","Thoroughbred",1
"405",2011,2011-07-16,"EQUINE DEATH","Finger Lakes Gaming & Racetrack","Thoroughbred",1
"406",2011,2011-07-16,"EQUINE DEATH","Finger Lakes Gaming & Racetrack","Thoroughbred",1
"407",2011,2011-07-17,"EQUINE DEATH","Buffalo Raceway","Harness",1
"408",2011,2011-07-17,"EQUINE DEATH","Saratoga Gaming & Raceway","Thoroughbred",1
"409",2011,2011-07-19,"EQUINE DEATH","Finger Lakes Gaming & Racetrack","Thoroughbred",1
"410",2011,2011-07-19,"EQUINE DEATH","Finger Lakes Gaming & Racetrack","Thoroughbred",1
"411",2011,2011-07-21,"EQUINE DEATH","Finger Lakes Gaming & Racetrack","Thoroughbred",1
"412",2011,2011-07-23,"EQUINE DEATH","Saratoga Gaming & Raceway","Thoroughbred",1
"413",2011,2011-07-24,"EQUINE DEATH","Belmont Park (NYRA)","Thoroughbred",1
"414",2011,2011-07-26,"EQUINE DEATH","Finger Lakes Gaming & Racetrack","Thoroughbred",1
"415",2011,2011-07-28,"EQUINE DEATH","Finger Lakes Gaming & Racetrack","Thoroughbred",1
"416",2011,2011-07-29,"EQUINE DEATH","Saratoga Gaming & Raceway","Thoroughbred",1
"417",2011,2011-08-01,"EQUINE DEATH","Finger Lakes Gaming & Racetrack","Thoroughbred",1
"418",2011,2011-08-04,"EQUINE DEATH","Finger Lakes Gaming & Racetrack","Thoroughbred",1
"419",2011,2011-08-04,"EQUINE DEATH","Finger Lakes Gaming & Racetrack","Thoroughbred",1
"420",2011,2011-08-05,"EQUINE DEATH","Saratoga Gaming & Raceway","Thoroughbred",1
"421",2011,2011-08-06,"EQUINE DEATH","Aqueduct Racetrack (NYRA)","Thoroughbred",1
"422",2011,2011-08-06,"EQUINE DEATH","Finger Lakes Gaming & Racetrack","Thoroughbred",1
"423",2011,2011-08-09,"EQUINE DEATH","Finger Lakes Gaming & Racetrack","Thoroughbred",1
"424",2011,2011-08-11,"EQUINE DEATH","Saratoga Gaming & Raceway","Thoroughbred",1
"425",2011,2011-08-12,"EQUINE DEATH","Saratoga Gaming & Raceway","Thoroughbred",1
"426",2011,2011-08-15,"EQUINE DEATH","Finger Lakes Gaming & Racetrack","Thoroughbred",1
"427",2011,2011-08-22,"EQUINE DEATH","Saratoga Gaming & Raceway","Thoroughbred",1
"428",2011,2011-08-23,"EQUINE DEATH","Belmont Park (NYRA)","Thoroughbred",1
"429",2011,2011-08-23,"EQUINE DEATH","Belmont Park (NYRA)","Thoroughbred",1
"430",2011,2011-08-25,"EQUINE DEATH","Saratoga Gaming & Raceway","Thoroughbred",1
"431",2011,2011-08-26,"EQUINE DEATH","Finger Lakes Gaming & Racetrack","Thoroughbred",1
"432",2011,2011-08-26,"EQUINE DEATH","Finger Lakes Gaming & Racetrack","Thoroughbred",1
"433",2011,2011-08-27,"EQUINE DEATH","Finger Lakes Gaming & Racetrack","Thoroughbred",1
"434",2011,2011-09-02,"EQUINE DEATH","Tioga Downs","Harness",1
"435",2011,2011-09-03,"EQUINE DEATH","Belmont Park (NYRA)","Thoroughbred",1
"436",2011,2011-09-05,"EQUINE DEATH","Finger Lakes Gaming & Racetrack","Thoroughbred",1
"437",2011,2011-09-05,"EQUINE DEATH","Finger Lakes Gaming & Racetrack","Thoroughbred",1
"438",2011,2011-09-06,"EQUINE DEATH","Belmont Park (NYRA)","Thoroughbred",1
"439",2011,2011-09-10,"EQUINE DEATH","Belmont Park (NYRA)","Thoroughbred",1
"440",2011,2011-09-11,"EQUINE DEATH","Aqueduct Racetrack (NYRA)","Thoroughbred",1
"441",2011,2011-09-13,"EQUINE DEATH","Finger Lakes Gaming & Racetrack","Thoroughbred",1
"442",2011,2011-09-14,"EQUINE DEATH","Aqueduct Racetrack (NYRA)","Thoroughbred",1
"443",2011,2011-09-16,"EQUINE DEATH","Finger Lakes Gaming & Racetrack","Thoroughbred",1
"444",2011,2011-09-17,"EQUINE DEATH","Belmont Park (NYRA)","Thoroughbred",1
"445",2011,2011-09-17,"EQUINE DEATH","Finger Lakes Gaming & Racetrack","Thoroughbred",1
"446",2011,2011-09-18,"EQUINE DEATH","Belmont Park (NYRA)","Thoroughbred",1
"447",2011,2011-09-18,"EQUINE DEATH","Belmont Park (NYRA)","Thoroughbred",1
"448",2011,2011-09-19,"EQUINE DEATH","Finger Lakes Gaming & Racetrack","Thoroughbred",1
"449",2011,2011-09-22,"EQUINE DEATH","Finger Lakes Gaming & Racetrack","Thoroughbred",1
"450",2011,2011-09-24,"EQUINE DEATH","Finger Lakes Gaming & Racetrack","Thoroughbred",1
"451",2011,2011-09-29,"EQUINE DEATH","Finger Lakes Gaming & Racetrack","Thoroughbred",1
"452",2011,2011-09-30,"EQUINE DEATH","Finger Lakes Gaming & Racetrack","Thoroughbred",1
"453",2011,2011-10-03,"EQUINE DEATH","Finger Lakes Gaming & Racetrack","Thoroughbred",1
"454",2011,2011-10-03,"EQUINE DEATH","Finger Lakes Gaming & Racetrack","Thoroughbred",1
"455",2011,2011-10-06,"EQUINE DEATH","Belmont Park (NYRA)","Thoroughbred",1
"456",2011,2011-10-07,"EQUINE DEATH","Finger Lakes Gaming & Racetrack","Thoroughbred",1
"457",2011,2011-10-12,"EQUINE DEATH","Finger Lakes Gaming & Racetrack","Thoroughbred",1
"458",2011,2011-10-13,"EQUINE DEATH","Finger Lakes Gaming & Racetrack","Thoroughbred",1
"459",2011,2011-10-15,"EQUINE DEATH","Aqueduct Racetrack (NYRA)","Thoroughbred",1
"460",2011,2011-10-15,"EQUINE DEATH","Belmont Park (NYRA)","Thoroughbred",1
"461",2011,2011-10-18,"EQUINE DEATH","Finger Lakes Gaming & Racetrack","Thoroughbred",1
"462",2011,2011-10-18,"EQUINE DEATH","Finger Lakes Gaming & Racetrack","Thoroughbred",1
"463",2011,2011-10-19,"EQUINE DEATH","Finger Lakes Gaming & Racetrack","Thoroughbred",1
"464",2011,2011-10-20,"EQUINE DEATH","Belmont Park (NYRA)","Thoroughbred",1
"465",2011,2011-10-21,"EQUINE DEATH","Belmont Park (NYRA)","Thoroughbred",1
"466",2011,2011-10-21,"EQUINE DEATH","Belmont Park (NYRA)","Thoroughbred",1
"467",2011,2011-10-22,"EQUINE DEATH","Finger Lakes Gaming & Racetrack","Thoroughbred",1
"468",2011,2011-10-22,"EQUINE DEATH","Finger Lakes Gaming & Racetrack","Thoroughbred",1
"469",2011,2011-10-24,"EQUINE DEATH","Belmont Park (NYRA)","Thoroughbred",1
"470",2011,2011-10-29,"EQUINE DEATH","Belmont Park (NYRA)","Thoroughbred",1
"471",2011,2011-10-29,"EQUINE DEATH","Finger Lakes Gaming & Racetrack","Thoroughbred",1
"472",2011,2011-11-01,"EQUINE DEATH","Belmont Park (NYRA)","Thoroughbred",1
"473",2011,2011-11-10,"EQUINE DEATH","Finger Lakes Gaming & Racetrack","Thoroughbred",1
"474",2011,2011-11-12,"EQUINE DEATH","Finger Lakes Gaming & Racetrack","Thoroughbred",1
"475",2011,2011-11-13,"EQUINE DEATH","Aqueduct Racetrack (NYRA)","Thoroughbred",1
"476",2011,2011-11-16,"EQUINE DEATH","Aqueduct Racetrack (NYRA)","Thoroughbred",1
"477",2011,2011-11-18,"EQUINE DEATH","Batavia Downs","Harness",1
"478",2011,2011-11-19,"EQUINE DEATH","Aqueduct Racetrack (NYRA)","Thoroughbred",1
"479",2011,2011-11-19,"EQUINE DEATH","Finger Lakes Gaming & Racetrack","Thoroughbred",1
"480",2011,2011-11-20,"EQUINE DEATH","Belmont Park (NYRA)","Thoroughbred",1
"481",2011,2011-11-21,"EQUINE DEATH","Aqueduct Racetrack (NYRA)","Thoroughbred",1
"482",2011,2011-11-22,"EQUINE DEATH","Monticello Raceway & Mighty M Gaming","Harness",1
"483",2011,2011-11-23,"EQUINE DEATH","Aqueduct Racetrack (NYRA)","Thoroughbred",1
"484",2011,2011-11-24,"EQUINE DEATH","Aqueduct Racetrack (NYRA)","Thoroughbred",1
"485",2011,2011-11-24,"EQUINE DEATH","Aqueduct Racetrack (NYRA)","Thoroughbred",1
"486",2011,2011-11-26,"EQUINE DEATH","Finger Lakes Gaming & Racetrack","Thoroughbred",1
"487",2011,2011-11-26,"EQUINE DEATH","Aqueduct Racetrack (NYRA)","Thoroughbred",1
"488",2011,2011-11-28,"EQUINE DEATH","Finger Lakes Gaming & Racetrack","Thoroughbred",1
"489",2011,2011-11-29,"EQUINE DEATH","Finger Lakes Gaming & Racetrack","Thoroughbred",1
"490",2011,2011-11-30,"EQUINE DEATH","Belmont Park (NYRA)","Thoroughbred",1
"491",2011,2011-12-02,"EQUINE DEATH","Finger Lakes Gaming & Racetrack","Thoroughbred",1
"492",2011,2011-12-14,"EQUINE DEATH","Aqueduct Racetrack (NYRA)","Thoroughbred",1
"493",2011,2011-12-15,"EQUINE DEATH","Monticello Raceway & Mighty M Gaming","Harness",1
"494",2011,2011-12-20,"EQUINE DEATH","Yonkers Raceway","Harness",1
"495",2011,2011-12-21,"EQUINE DEATH","Belmont Park (NYRA)","Thoroughbred",1
"496",2011,2011-12-22,"EQUINE DEATH","Belmont Park (NYRA)","Thoroughbred",1
"497",2011,2011-12-23,"EQUINE DEATH","Belmont Park (NYRA)","Thoroughbred",1
"498",2011,2011-12-26,"EQUINE DEATH","Monticello Raceway & Mighty M Gaming","Harness",1
"499",2011,2011-12-30,"EQUINE DEATH","Aqueduct Racetrack (NYRA)","Thoroughbred",1
"500",2012,2012-01-03,"EQUINE DEATH","Belmont Park (NYRA)","Thoroughbred",1
"501",2012,2012-01-08,"EQUINE DEATH","Aqueduct Racetrack (NYRA)","Thoroughbred",1
"502",2012,2012-01-12,"EQUINE DEATH","Aqueduct Racetrack (NYRA)","Thoroughbred",1
"503",2012,2012-01-14,"EQUINE DEATH","Aqueduct Racetrack (NYRA)","Thoroughbred",1
"504",2012,2012-01-14,"EQUINE DEATH","Belmont Park (NYRA)","Thoroughbred",1
"505",2012,2012-01-15,"EQUINE DEATH","Aqueduct Racetrack (NYRA)","Thoroughbred",1
"506",2012,2012-01-15,"EQUINE DEATH","Aqueduct Racetrack (NYRA)","Thoroughbred",1
"507",2012,2012-01-20,"EQUINE DEATH","Belmont Park (NYRA)","Thoroughbred",1
"508",2012,2012-01-25,"EQUINE DEATH","Monticello Raceway & Mighty M Gaming","Harness",1
"509",2012,2012-01-26,"EQUINE DEATH","Belmont Park (NYRA)","Thoroughbred",1
"510",2012,2012-02-02,"EQUINE DEATH","Aqueduct Racetrack (NYRA)","Thoroughbred",1
"511",2012,2012-02-03,"EQUINE DEATH","Aqueduct Racetrack (NYRA)","Thoroughbred",1
"512",2012,2012-02-05,"EQUINE DEATH","Aqueduct Racetrack (NYRA)","Thoroughbred",1
"513",2012,2012-02-11,"EQUINE DEATH","Buffalo Raceway","Harness",1
"514",2012,2012-02-17,"EQUINE DEATH","Aqueduct Racetrack (NYRA)","Thoroughbred",1
"515",2012,2012-02-25,"EQUINE DEATH","Aqueduct Racetrack (NYRA)","Thoroughbred",1
"516",2012,2012-02-26,"EQUINE DEATH","Aqueduct Racetrack (NYRA)","Thoroughbred",1
"517",2012,2012-02-29,"EQUINE DEATH","Belmont Park (NYRA)","Thoroughbred",1
"518",2012,2012-03-02,"EQUINE DEATH","Aqueduct Racetrack (NYRA)","Thoroughbred",1
"519",2012,2012-03-03,"EQUINE DEATH","Aqueduct Racetrack (NYRA)","Thoroughbred",1
"520",2012,2012-03-04,"EQUINE DEATH","Aqueduct Racetrack (NYRA)","Thoroughbred",1
"521",2012,2012-03-04,"EQUINE DEATH","Aqueduct Racetrack (NYRA)","Thoroughbred",1
"522",2012,2012-03-08,"EQUINE DEATH","Aqueduct Racetrack (NYRA)","Thoroughbred",1
"523",2012,2012-03-11,"EQUINE DEATH","Belmont Park (NYRA)","Thoroughbred",1
"524",2012,2012-03-14,"EQUINE DEATH","Aqueduct Racetrack (NYRA)","Thoroughbred",1
"525",2012,2012-03-17,"EQUINE DEATH","Aqueduct Racetrack (NYRA)","Thoroughbred",1
"526",2012,2012-03-18,"EQUINE DEATH","Aqueduct Racetrack (NYRA)","Thoroughbred",1
"527",2012,2012-03-31,"EQUINE DEATH","Aqueduct Racetrack (NYRA)","Thoroughbred",1
"528",2012,2012-04-06,"EQUINE DEATH","Belmont Park (NYRA)","Thoroughbred",1
"529",2012,2012-04-07,"EQUINE DEATH","Aqueduct Racetrack (NYRA)","Thoroughbred",1
"530",2012,2012-04-14,"EQUINE DEATH","Aqueduct Racetrack (NYRA)","Thoroughbred",1
"531",2012,2012-04-19,"EQUINE DEATH","Yonkers Raceway","Harness",1
"532",2012,2012-04-20,"EQUINE DEATH","Belmont Park (NYRA)","Thoroughbred",1
"533",2012,2012-04-28,"EQUINE DEATH","Belmont Park (NYRA)","Thoroughbred",1
"534",2012,2012-04-29,"EQUINE DEATH","Belmont Park (NYRA)","Thoroughbred",1
"535",2012,2012-05-03,"EQUINE DEATH","Aqueduct Racetrack (NYRA)","Thoroughbred",1
"536",2012,2012-05-03,"EQUINE DEATH","Vernon Downs","Harness",1
"537",2012,2012-05-08,"EQUINE DEATH","Monticello Raceway & Mighty M Gaming","Harness",1
"538",2012,2012-05-09,"EQUINE DEATH","Finger Lakes Gaming & Racetrack","Thoroughbred",1
"539",2012,2012-05-12,"EQUINE DEATH","Belmont Park (NYRA)","Thoroughbred",1
"540",2012,2012-05-12,"EQUINE DEATH","Saratoga Gaming & Raceway","Thoroughbred",1
"541",2012,2012-05-19,"EQUINE DEATH","Buffalo Raceway","Harness",1
"542",2012,2012-06-01,"EQUINE DEATH","Aqueduct Racetrack (NYRA)","Thoroughbred",1
"543",2012,2012-06-01,"EQUINE DEATH","Belmont Park (NYRA)","Thoroughbred",1
"544",2012,2012-06-01,"EQUINE DEATH","Finger Lakes Gaming & Racetrack","Thoroughbred",1
"545",2012,2012-06-02,"EQUINE DEATH","Belmont Park (NYRA)","Thoroughbred",1
"546",2012,2012-06-05,"EQUINE DEATH","Saratoga Gaming & Raceway","Thoroughbred",1
"547",2012,2012-06-06,"EQUINE DEATH","Belmont Park (NYRA)","Thoroughbred",1
"548",2012,2012-06-08,"EQUINE DEATH","Finger Lakes Gaming & Racetrack","Thoroughbred",1
"549",2012,2012-06-09,"EQUINE DEATH","Belmont Park (NYRA)","Thoroughbred",1
"550",2012,2012-06-09,"EQUINE DEATH","Belmont Park (NYRA)","Thoroughbred",1
"551",2012,2012-06-11,"EQUINE DEATH","Finger Lakes Gaming & Racetrack","Thoroughbred",1
"552",2012,2012-06-13,"EQUINE DEATH","Belmont Park (NYRA)","Thoroughbred",1
"553",2012,2012-06-14,"EQUINE DEATH","Belmont Park (NYRA)","Thoroughbred",1
"554",2012,2012-06-16,"EQUINE DEATH","Belmont Park (NYRA)","Thoroughbred",1
"555",2012,2012-06-18,"EQUINE DEATH","Yonkers Raceway","Harness",1
"556",2012,2012-06-19,"EQUINE DEATH","Saratoga Gaming & Raceway","Thoroughbred",1
"557",2012,2012-06-21,"EQUINE DEATH","Finger Lakes Gaming & Racetrack","Thoroughbred",1
"558",2012,2012-06-23,"EQUINE DEATH","Belmont Park (NYRA)","Thoroughbred",1
"559",2012,2012-06-25,"EQUINE DEATH","Buffalo Raceway","Harness",1
"560",2012,2012-06-25,"EQUINE DEATH","Finger Lakes Gaming & Racetrack","Thoroughbred",1
"561",2012,2012-06-27,"EQUINE DEATH","Belmont Park (NYRA)","Thoroughbred",1
"562",2012,2012-06-28,"EQUINE DEATH","Tioga Downs","Harness",1
"563",2012,2012-06-30,"EQUINE DEATH","Finger Lakes Gaming & Racetrack","Thoroughbred",1
"564",2012,2012-07-01,"EQUINE DEATH","Finger Lakes Gaming & Racetrack","Thoroughbred",1
"565",2012,2012-07-02,"EQUINE DEATH","Finger Lakes Gaming & Racetrack","Thoroughbred",1
"566",2012,2012-07-04,"EQUINE DEATH","Finger Lakes Gaming & Racetrack","Thoroughbred",1
"567",2012,2012-07-06,"EQUINE DEATH","Belmont Park (NYRA)","Thoroughbred",1
"568",2012,2012-07-07,"EQUINE DEATH","Belmont Park (NYRA)","Thoroughbred",1
"569",2012,2012-07-07,"EQUINE DEATH","Finger Lakes Gaming & Racetrack","Thoroughbred",1
"570",2012,2012-07-09,"EQUINE DEATH","Aqueduct Racetrack (NYRA)","Thoroughbred",1
"571",2012,2012-07-10,"EQUINE DEATH","Belmont Park (NYRA)","Thoroughbred",1
"572",2012,2012-07-12,"EQUINE DEATH","Finger Lakes Gaming & Racetrack","Thoroughbred",1
"573",2012,2012-07-13,"EQUINE DEATH","Belmont Park (NYRA)","Thoroughbred",1
"574",2012,2012-07-14,"EQUINE DEATH","Belmont Park (NYRA)","Thoroughbred",1
"575",2012,2012-07-15,"EQUINE DEATH","Belmont Park (NYRA)","Thoroughbred",1
"576",2012,2012-07-15,"EQUINE DEATH","Saratoga Gaming & Raceway","Harness",1
"577",2012,2012-07-15,"EQUINE DEATH","Saratoga Gaming & Raceway","Thoroughbred",1
"578",2012,2012-07-15,"EQUINE DEATH","Saratoga Gaming & Raceway","Thoroughbred",1
"579",2012,2012-07-15,"EQUINE DEATH","Saratoga Gaming & Raceway","Thoroughbred",1
"580",2012,2012-07-16,"EQUINE DEATH","Finger Lakes Gaming & Racetrack","Thoroughbred",1
"581",2012,2012-07-16,"EQUINE DEATH","Finger Lakes Gaming & Racetrack","Thoroughbred",1
"582",2012,2012-07-18,"EQUINE DEATH","Saratoga Gaming & Raceway","Thoroughbred",1
"583",2012,2012-07-20,"EQUINE DEATH","Finger Lakes Gaming & Racetrack","Thoroughbred",1
"584",2012,2012-07-20,"EQUINE DEATH","Finger Lakes Gaming & Racetrack","Thoroughbred",1
"585",2012,2012-07-21,"EQUINE DEATH","Belmont Park (NYRA)","Thoroughbred",1
"586",2012,2012-07-21,"EQUINE DEATH","Tioga Downs","Harness",1
"587",2012,2012-07-23,"EQUINE DEATH","Finger Lakes Gaming & Racetrack","Thoroughbred",1
"588",2012,2012-07-26,"EQUINE DEATH","Saratoga Gaming & Raceway","Harness",1
"589",2012,2012-07-26,"EQUINE DEATH","Saratoga Gaming & Raceway","Thoroughbred",1
"590",2012,2012-07-27,"EQUINE DEATH","Saratoga Gaming & Raceway","Thoroughbred",1
"591",2012,2012-07-27,"EQUINE DEATH","Finger Lakes Gaming & Racetrack","Thoroughbred",1
"592",2012,2012-07-30,"EQUINE DEATH","Finger Lakes Gaming & Racetrack","Thoroughbred",1
"593",2012,2012-08-01,"EQUINE DEATH","Saratoga Gaming & Raceway","Thoroughbred",1
"594",2012,2012-08-10,"EQUINE DEATH","Finger Lakes Gaming & Racetrack","Thoroughbred",1
"595",2012,2012-08-14,"EQUINE DEATH","Belmont Park (NYRA)","Thoroughbred",1
"596",2012,2012-08-15,"EQUINE DEATH","Belmont Park (NYRA)","Thoroughbred",1
"597",2012,2012-08-16,"EQUINE DEATH","Finger Lakes Gaming & Racetrack","Thoroughbred",1
"598",2012,2012-08-20,"EQUINE DEATH","Saratoga Gaming & Raceway","Thoroughbred",1
"599",2012,2012-08-20,"EQUINE DEATH","Saratoga Gaming & Raceway","Thoroughbred",1
"600",2012,2012-08-22,"EQUINE DEATH","Saratoga Gaming & Raceway","Thoroughbred",1
"601",2012,2012-08-22,"EQUINE DEATH","Saratoga Gaming & Raceway","Thoroughbred",1
"602",2012,2012-08-28,"EQUINE DEATH","Finger Lakes Gaming & Racetrack","Thoroughbred",1
"603",2012,2012-08-30,"EQUINE DEATH","Saratoga Gaming & Raceway","Thoroughbred",1
"604",2012,2012-08-31,"EQUINE DEATH","Finger Lakes Gaming & Racetrack","Thoroughbred",1
"605",2012,2012-09-02,"EQUINE DEATH","Finger Lakes Gaming & Racetrack","Thoroughbred",1
"606",2012,2012-09-03,"EQUINE DEATH","Finger Lakes Gaming & Racetrack","Thoroughbred",1
"607",2012,2012-09-04,"EQUINE DEATH","Finger Lakes Gaming & Racetrack","Thoroughbred",1
"608",2012,2012-09-06,"EQUINE DEATH","Finger Lakes Gaming & Racetrack","Thoroughbred",1
"609",2012,2012-09-07,"EQUINE DEATH","Belmont Park (NYRA)","Thoroughbred",1
"610",2012,2012-09-13,"EQUINE DEATH","Finger Lakes Gaming & Racetrack","Thoroughbred",1
"611",2012,2012-09-18,"EQUINE DEATH","Aqueduct Racetrack (NYRA)","Thoroughbred",1
"612",2012,2012-09-21,"EQUINE DEATH","Belmont Park (NYRA)","Thoroughbred",1
"613",2012,2012-09-22,"EQUINE DEATH","Belmont Park (NYRA)","Thoroughbred",1
"614",2012,2012-09-24,"EQUINE DEATH","Finger Lakes Gaming & Racetrack","Thoroughbred",1
"615",2012,2012-09-25,"EQUINE DEATH","Finger Lakes Gaming & Racetrack","Thoroughbred",1
"616",2012,2012-09-27,"EQUINE DEATH","Belmont Park (NYRA)","Thoroughbred",1
"617",2012,2012-09-27,"EQUINE DEATH","Belmont Park (NYRA)","Thoroughbred",1
"618",2012,2012-09-27,"EQUINE DEATH","Belmont Park (NYRA)","Thoroughbred",1
"619",2012,2012-09-29,"EQUINE DEATH","Finger Lakes Gaming & Racetrack","Thoroughbred",1
"620",2012,2012-10-01,"EQUINE DEATH","Aqueduct Racetrack (NYRA)","Thoroughbred",1
"621",2012,2012-10-02,"EQUINE DEATH","Finger Lakes Gaming & Racetrack","Thoroughbred",1
"622",2012,2012-10-04,"EQUINE DEATH","Vernon Downs","Harness",1
"623",2012,2012-10-06,"EQUINE DEATH","Belmont Park (NYRA)","Thoroughbred",1
"624",2012,2012-10-08,"EQUINE DEATH","Belmont Park (NYRA)","Thoroughbred",1
"625",2012,2012-10-08,"EQUINE DEATH","Finger Lakes Gaming & Racetrack","Thoroughbred",1
"626",2012,2012-10-10,"EQUINE DEATH","Batavia Downs","Harness",1
"627",2012,2012-10-11,"EQUINE DEATH","Vernon Downs","Harness",1
"628",2012,2012-10-15,"EQUINE DEATH","Belmont Park (NYRA)","Thoroughbred",1
"629",2012,2012-10-15,"EQUINE DEATH","Finger Lakes Gaming & Racetrack","Thoroughbred",1
"630",2012,2012-10-23,"EQUINE DEATH","Finger Lakes Gaming & Racetrack","Thoroughbred",1
"631",2012,2012-10-24,"EQUINE DEATH","Saratoga Gaming & Raceway","Thoroughbred",1
"632",2012,2012-10-25,"EQUINE DEATH","Belmont Park (NYRA)","Thoroughbred",1
"633",2012,2012-10-28,"EQUINE DEATH","Belmont Park (NYRA)","Thoroughbred",1
"634",2012,2012-10-30,"EQUINE DEATH","Finger Lakes Gaming & Racetrack","Thoroughbred",1
"635",2012,2012-10-30,"EQUINE DEATH","Finger Lakes Gaming & Racetrack","Thoroughbred",1
"636",2012,2012-11-04,"EQUINE DEATH","Belmont Park (NYRA)","Thoroughbred",1
"637",2012,2012-11-09,"EQUINE DEATH","Belmont Park (NYRA)","Thoroughbred",1
"638",2012,2012-11-10,"EQUINE DEATH","Aqueduct Racetrack (NYRA)","Thoroughbred",1
"639",2012,2012-11-12,"EQUINE DEATH","Finger Lakes Gaming & Racetrack","Thoroughbred",1
"640",2012,2012-11-12,"EQUINE DEATH","Finger Lakes Gaming & Racetrack","Thoroughbred",1
"641",2012,2012-11-12,"EQUINE DEATH","Finger Lakes Gaming & Racetrack","Thoroughbred",1
"642",2012,2012-11-16,"EQUINE DEATH","Finger Lakes Gaming & Racetrack","Thoroughbred",1
"643",2012,2012-11-26,"EQUINE DEATH","Belmont Park (NYRA)","Thoroughbred",1
"644",2012,2012-11-27,"EQUINE DEATH","Finger Lakes Gaming & Racetrack","Thoroughbred",1
"645",2012,2012-11-27,"EQUINE DEATH","Finger Lakes Gaming & Racetrack","Thoroughbred",1
"646",2012,2012-11-27,"EQUINE DEATH","Finger Lakes Gaming & Racetrack","Thoroughbred",1
"647",2012,2012-11-29,"EQUINE DEATH","Aqueduct Racetrack (NYRA)","Thoroughbred",1
"648",2012,2012-12-02,"EQUINE DEATH","Aqueduct Racetrack (NYRA)","Thoroughbred",1
"649",2012,2012-12-06,"EQUINE DEATH","Aqueduct Racetrack (NYRA)","Thoroughbred",1
"650",2012,2012-12-07,"EQUINE DEATH","Yonkers Raceway","Harness",1
"651",2012,2012-12-10,"EQUINE DEATH","Aqueduct Racetrack (NYRA)","Thoroughbred",1
"652",2012,2012-12-13,"EQUINE DEATH","Aqueduct Racetrack (NYRA)","Thoroughbred",1
"653",2012,2012-12-14,"EQUINE DEATH","Yonkers Raceway","Harness",1
"654",2012,2012-12-20,"EQUINE DEATH","Belmont Park (NYRA)","Thoroughbred",1
"655",2012,2012-12-26,"EQUINE DEATH","Aqueduct Racetrack (NYRA)","Thoroughbred",1
"656",2013,2013-01-06,"EQUINE DEATH","Aqueduct Racetrack (NYRA)","Thoroughbred",1
"657",2013,2013-01-06,"EQUINE DEATH","Aqueduct Racetrack (NYRA)","Thoroughbred",1
"658",2013,2013-01-07,"EQUINE DEATH","Monticello Raceway & Mighty M Gaming","Harness",1
"659",2013,2013-01-09,"EQUINE DEATH","Aqueduct Racetrack (NYRA)","Thoroughbred",1
"660",2013,2013-01-09,"EQUINE DEATH","Belmont Park (NYRA)","Thoroughbred",1
"661",2013,2013-01-10,"EQUINE DEATH","Aqueduct Racetrack (NYRA)","Thoroughbred",1
"662",2013,2013-01-11,"EQUINE DEATH","Belmont Park (NYRA)","Thoroughbred",1
"663",2013,2013-01-11,"EQUINE DEATH","Belmont Park (NYRA)","Thoroughbred",1
"664",2013,2013-01-18,"EQUINE DEATH","Aqueduct Racetrack (NYRA)","Thoroughbred",1
"665",2013,2013-01-23,"EQUINE DEATH","Buffalo Raceway","Harness",1
"666",2013,2013-01-27,"EQUINE DEATH","Aqueduct Racetrack (NYRA)","Thoroughbred",1
"667",2013,2013-01-28,"EQUINE DEATH","Aqueduct Racetrack (NYRA)","Thoroughbred",1
"668",2013,2013-02-07,"EQUINE DEATH","Aqueduct Racetrack (NYRA)","Thoroughbred",1
"669",2013,2013-02-07,"EQUINE DEATH","Belmont Park (NYRA)","Thoroughbred",1
"670",2013,2013-02-23,"EQUINE DEATH","Aqueduct Racetrack (NYRA)","Thoroughbred",1
"671",2013,2013-03-25,"EQUINE DEATH","Finger Lakes Gaming & Racetrack","Thoroughbred",1
"672",2013,2013-03-30,"EQUINE DEATH","Belmont Park (NYRA)","Thoroughbred",1
"673",2013,2013-04-02,"EQUINE DEATH","Finger Lakes Gaming & Racetrack","Thoroughbred",1
"674",2013,2013-04-13,"EQUINE DEATH","Aqueduct Racetrack (NYRA)","Thoroughbred",1
"675",2013,2013-04-15,"EQUINE DEATH","Belmont Park (NYRA)","Thoroughbred",1
"676",2013,2013-04-20,"EQUINE DEATH","Belmont Park (NYRA)","Thoroughbred",1
"677",2013,2013-04-25,"EQUINE DEATH","Finger Lakes Gaming & Racetrack","Thoroughbred",1
"678",2013,2013-04-26,"EQUINE DEATH","Aqueduct Racetrack (NYRA)","Thoroughbred",1
"679",2013,2013-05-01,"EQUINE DEATH","Belmont Park (NYRA)","Thoroughbred",1
"680",2013,2013-05-02,"EQUINE DEATH","Belmont Park (NYRA)","Thoroughbred",1
"681",2013,2013-05-03,"EQUINE DEATH","Finger Lakes Gaming & Racetrack","Thoroughbred",1
"682",2013,2013-05-04,"EQUINE DEATH","Belmont Park (NYRA)","Thoroughbred",1
"683",2013,2013-05-06,"EQUINE DEATH","Belmont Park (NYRA)","Thoroughbred",1
"684",2013,2013-05-13,"EQUINE DEATH","Belmont Park (NYRA)","Thoroughbred",1
"685",2013,2013-05-14,"EQUINE DEATH","Finger Lakes Gaming & Racetrack","Thoroughbred",1
"686",2013,2013-05-17,"EQUINE DEATH","Belmont Park (NYRA)","Thoroughbred",1
"687",2013,2013-05-25,"EQUINE DEATH","Finger Lakes Gaming & Racetrack","Thoroughbred",1
"688",2013,2013-05-27,"EQUINE DEATH","Finger Lakes Gaming & Racetrack","Thoroughbred",1
"689",2013,2013-05-27,"EQUINE DEATH","Finger Lakes Gaming & Racetrack","Thoroughbred",1
"690",2013,2013-06-13,"EQUINE DEATH","Belmont Park (NYRA)","Thoroughbred",1
"691",2013,2013-06-14,"EQUINE DEATH","Buffalo Raceway","Harness",1
"692",2013,2013-06-18,"EQUINE DEATH","Belmont Park (NYRA)","Thoroughbred",1
"693",2013,2013-06-19,"EQUINE DEATH","Aqueduct Racetrack (NYRA)","Thoroughbred",1
"694",2013,2013-06-20,"EQUINE DEATH","Finger Lakes Gaming & Racetrack","Thoroughbred",1
"695",2013,2013-06-20,"EQUINE DEATH","Finger Lakes Gaming & Racetrack","Thoroughbred",1
"696",2013,2013-06-25,"EQUINE DEATH","Belmont Park (NYRA)","Thoroughbred",1
"697",2013,2013-06-26,"EQUINE DEATH","Finger Lakes Gaming & Racetrack","Thoroughbred",1
"698",2013,2013-06-27,"EQUINE DEATH","Finger Lakes Gaming & Racetrack","Thoroughbred",1
"699",2013,2013-06-29,"EQUINE DEATH","Finger Lakes Gaming & Racetrack","Thoroughbred",1
"700",2013,2013-06-29,"EQUINE DEATH","Yonkers Raceway","Harness",1
"701",2013,2013-07-06,"EQUINE DEATH","Belmont Park (NYRA)","Thoroughbred",1
"702",2013,2013-07-13,"EQUINE DEATH","Finger Lakes Gaming & Racetrack","Thoroughbred",1
"703",2013,2013-07-16,"EQUINE DEATH","Finger Lakes Gaming & Racetrack","Thoroughbred",1
"704",2013,2013-07-18,"EQUINE DEATH","Saratoga Gaming & Raceway","Thoroughbred",1
"705",2013,2013-07-22,"EQUINE DEATH","Finger Lakes Gaming & Racetrack","Thoroughbred",1
"706",2013,2013-08-01,"EQUINE DEATH","Finger Lakes Gaming & Racetrack","Thoroughbred",1
"707",2013,2013-08-10,"EQUINE DEATH","Finger Lakes Gaming & Racetrack","Thoroughbred",1
"708",2013,2013-08-10,"EQUINE DEATH","Finger Lakes Gaming & Racetrack","Thoroughbred",1
"709",2013,2013-08-11,"EQUINE DEATH","Saratoga Gaming & Raceway","Thoroughbred",1
"710",2013,2013-08-12,"EQUINE DEATH","Finger Lakes Gaming & Racetrack","Thoroughbred",1
"711",2013,2013-08-12,"EQUINE DEATH","Finger Lakes Gaming & Racetrack","Thoroughbred",1
"712",2013,2013-08-12,"EQUINE DEATH","Finger Lakes Gaming & Racetrack","Thoroughbred",1
"713",2013,2013-08-16,"EQUINE DEATH","Finger Lakes Gaming & Racetrack","Thoroughbred",1
"714",2013,2013-08-16,"EQUINE DEATH","Finger Lakes Gaming & Racetrack","Thoroughbred",1
"715",2013,2013-08-17,"EQUINE DEATH","Finger Lakes Gaming & Racetrack","Thoroughbred",1
"716",2013,2013-08-17,"EQUINE DEATH","Saratoga Gaming & Raceway","Thoroughbred",1
"717",2013,2013-08-23,"EQUINE DEATH","Finger Lakes Gaming & Racetrack","Thoroughbred",1
"718",2013,2013-08-24,"EQUINE DEATH","Vernon Downs","Harness",1
"719",2013,2013-08-25,"EQUINE DEATH","Saratoga Gaming & Raceway","Thoroughbred",1
"720",2013,2013-08-25,"EQUINE DEATH","Saratoga Gaming & Raceway","Thoroughbred",1
"721",2013,2013-08-26,"EQUINE DEATH","Finger Lakes Gaming & Racetrack","Thoroughbred",1
"722",2013,2013-08-26,"EQUINE DEATH","Saratoga Gaming & Raceway","Thoroughbred",1
"723",2013,2013-08-26,"EQUINE DEATH","Saratoga Gaming & Raceway","Thoroughbred",1
"724",2013,2013-08-28,"EQUINE DEATH","Saratoga Gaming & Raceway","Thoroughbred",1
"725",2013,2013-08-30,"EQUINE DEATH","Saratoga Gaming & Raceway","Thoroughbred",1
"726",2013,2013-09-01,"EQUINE DEATH","Finger Lakes Gaming & Racetrack","Thoroughbred",1
"727",2013,2013-09-07,"EQUINE DEATH","Tioga Downs","Harness",1
"728",2013,2013-09-10,"EQUINE DEATH","Finger Lakes Gaming & Racetrack","Thoroughbred",1
"729",2013,2013-09-12,"EQUINE DEATH","Belmont Park (NYRA)","Thoroughbred",1
"730",2013,2013-09-12,"EQUINE DEATH","Belmont Park (NYRA)","Thoroughbred",1
"731",2013,2013-09-14,"EQUINE DEATH","Belmont Park (NYRA)","Thoroughbred",1
"732",2013,2013-09-14,"EQUINE DEATH","Belmont Park (NYRA)","Thoroughbred",1
"733",2013,2013-09-15,"EQUINE DEATH","Belmont Park (NYRA)","Thoroughbred",1
"734",2013,2013-09-17,"EQUINE DEATH","Finger Lakes Gaming & Racetrack","Thoroughbred",1
"735",2013,2013-09-18,"EQUINE DEATH","Saratoga Gaming & Raceway","Harness",1
"736",2013,2013-09-19,"EQUINE DEATH","Belmont Park (NYRA)","Thoroughbred",1
"737",2013,2013-09-20,"EQUINE DEATH","Finger Lakes Gaming & Racetrack","Thoroughbred",1
"738",2013,2013-09-25,"EQUINE DEATH","Finger Lakes Gaming & Racetrack","Thoroughbred",1
"739",2013,2013-09-27,"EQUINE DEATH","Aqueduct Racetrack (NYRA)","Thoroughbred",1
"740",2013,2013-09-28,"EQUINE DEATH","Vernon Downs","Harness",1
"741",2013,2013-09-30,"EQUINE DEATH","Belmont Park (NYRA)","Thoroughbred",1
"742",2013,2013-10-02,"EQUINE DEATH","Saratoga Gaming & Raceway","Thoroughbred",1
"743",2013,2013-10-03,"EQUINE DEATH","Belmont Park (NYRA)","Thoroughbred",1
"744",2013,2013-10-04,"EQUINE DEATH","Finger Lakes Gaming & Racetrack","Thoroughbred",1
"745",2013,2013-10-08,"EQUINE DEATH","Aqueduct Racetrack (NYRA)","Thoroughbred",1
"746",2013,2013-10-09,"EQUINE DEATH","Belmont Park (NYRA)","Thoroughbred",1
"747",2013,2013-10-09,"EQUINE DEATH","Belmont Park (NYRA)","Thoroughbred",1
"748",2013,2013-10-09,"EQUINE DEATH","Belmont Park (NYRA)","Thoroughbred",1
"749",2013,2013-10-15,"EQUINE DEATH","Finger Lakes Gaming & Racetrack","Thoroughbred",1
"750",2013,2013-10-18,"EQUINE DEATH","Belmont Park (NYRA)","Thoroughbred",1
"751",2013,2013-10-26,"EQUINE DEATH","Belmont Park (NYRA)","Thoroughbred",1
"752",2013,2013-10-26,"EQUINE DEATH","Belmont Park (NYRA)","Thoroughbred",1
"753",2013,2013-10-26,"EQUINE DEATH","Belmont Park (NYRA)","Thoroughbred",1
"754",2013,2013-10-26,"EQUINE DEATH","Finger Lakes Gaming & Racetrack","Thoroughbred",1
"755",2013,2013-10-26,"EQUINE DEATH","Finger Lakes Gaming & Racetrack","Thoroughbred",1
"756",2013,2013-10-26,"EQUINE DEATH","Finger Lakes Gaming & Racetrack","Thoroughbred",1
"757",2013,2013-10-28,"EQUINE DEATH","Finger Lakes Gaming & Racetrack","Thoroughbred",1
"758",2013,2013-10-30,"EQUINE DEATH","Aqueduct Racetrack (NYRA)","Thoroughbred",1
"759",2013,2013-11-06,"EQUINE DEATH","Aqueduct Racetrack (NYRA)","Thoroughbred",1
"760",2013,2013-11-07,"EQUINE DEATH","Belmont Park (NYRA)","Thoroughbred",1
"761",2013,2013-11-07,"EQUINE DEATH","Finger Lakes Gaming & Racetrack","Thoroughbred",1
"762",2013,2013-11-10,"EQUINE DEATH","Aqueduct Racetrack (NYRA)","Thoroughbred",1
"763",2013,2013-11-12,"EQUINE DEATH","Belmont Park (NYRA)","Thoroughbred",1
"764",2013,2013-11-13,"EQUINE DEATH","Monticello Raceway & Mighty M Gaming","Harness",1
"765",2013,2013-11-16,"EQUINE DEATH","Aqueduct Racetrack (NYRA)","Thoroughbred",1
"766",2013,2013-11-16,"EQUINE DEATH","Saratoga Gaming & Raceway","Harness",1
"767",2013,2013-11-23,"EQUINE DEATH","Belmont Park (NYRA)","Thoroughbred",1
"768",2013,2013-11-26,"EQUINE DEATH","Belmont Park (NYRA)","Thoroughbred",1
"769",2013,2013-11-30,"EQUINE DEATH","Aqueduct Racetrack (NYRA)","Thoroughbred",1
"770",2013,2013-11-30,"EQUINE DEATH","Belmont Park (NYRA)","Thoroughbred",1
"771",2013,2013-12-06,"EQUINE DEATH","Finger Lakes Gaming & Racetrack","Thoroughbred",1
"772",2013,2013-12-10,"EQUINE DEATH","Monticello Raceway & Mighty M Gaming","Harness",1
"773",2013,2013-12-10,"EQUINE DEATH","Monticello Raceway & Mighty M Gaming","Harness",1
"774",2013,2013-12-14,"EQUINE DEATH","Aqueduct Racetrack (NYRA)","Thoroughbred",1
"775",2013,2013-12-15,"EQUINE DEATH","Belmont Park (NYRA)","Thoroughbred",1
"776",2013,2013-12-18,"EQUINE DEATH","Aqueduct Racetrack (NYRA)","Thoroughbred",1
"777",2013,2013-12-26,"EQUINE DEATH","Aqueduct Racetrack (NYRA)","Thoroughbred",1
"778",2013,2013-12-28,"EQUINE DEATH","Aqueduct Racetrack (NYRA)","Thoroughbred",1
"779",2014,2014-01-02,"EQUINE DEATH","Aqueduct Racetrack (NYRA)","Thoroughbred",1
"780",2014,2014-01-04,"EQUINE DEATH","Belmont Park (NYRA)","Thoroughbred",1
"781",2014,2014-01-04,"EQUINE DEATH","Belmont Park (NYRA)","Thoroughbred",1
"782",2014,2014-01-13,"EQUINE DEATH","Belmont Park (NYRA)","Thoroughbred",1
"783",2014,2014-01-13,"EQUINE DEATH","Belmont Park (NYRA)","Thoroughbred",1
"784",2014,2014-01-22,"EQUINE DEATH","Belmont Park (NYRA)","Thoroughbred",1
"785",2014,2014-01-26,"EQUINE DEATH","Aqueduct Racetrack (NYRA)","Thoroughbred",1
"786",2014,2014-01-28,"EQUINE DEATH","Aqueduct Racetrack (NYRA)","Thoroughbred",1
"787",2014,2014-01-30,"EQUINE DEATH","Belmont Park (NYRA)","Thoroughbred",1
"788",2014,2014-02-01,"EQUINE DEATH","Belmont Park (NYRA)","Thoroughbred",1
"789",2014,2014-02-21,"EQUINE DEATH","Belmont Park (NYRA)","Thoroughbred",1
"790",2014,2014-02-22,"EQUINE DEATH","Aqueduct Racetrack (NYRA)","Thoroughbred",1
"791",2014,2014-02-22,"EQUINE DEATH","Buffalo Raceway","Harness",1
"792",2014,2014-02-26,"EQUINE DEATH","Buffalo Raceway","Harness",1
"793",2014,2014-03-01,"EQUINE DEATH","Aqueduct Racetrack (NYRA)","Thoroughbred",1
"794",2014,2014-03-05,"EQUINE DEATH","Belmont Park (NYRA)","Thoroughbred",1
"795",2014,2014-03-12,"EQUINE DEATH","Monticello Raceway & Mighty M Gaming","Harness",1
"796",2014,2014-03-15,"EQUINE DEATH","Aqueduct Racetrack (NYRA)","Thoroughbred",1
"797",2014,2014-03-15,"EQUINE DEATH","Belmont Park (NYRA)","Thoroughbred",1
"798",2014,2014-03-23,"EQUINE DEATH","Belmont Park (NYRA)","Thoroughbred",1
"799",2014,2014-04-03,"EQUINE DEATH","Aqueduct Racetrack (NYRA)","Thoroughbred",1
"800",2014,2014-04-10,"EQUINE DEATH","Aqueduct Racetrack (NYRA)","Thoroughbred",1
"801",2014,2014-04-10,"EQUINE DEATH","Belmont Park (NYRA)","Thoroughbred",1
"802",2014,2014-04-15,"EQUINE DEATH","Finger Lakes Gaming & Racetrack","Thoroughbred",1
"803",2014,2014-04-18,"EQUINE DEATH","Finger Lakes Gaming & Racetrack","Thoroughbred",1
"804",2014,2014-04-21,"EQUINE DEATH","Yonkers Raceway","Harness",1
"805",2014,2014-04-25,"EQUINE DEATH","Aqueduct Racetrack (NYRA)","Thoroughbred",1
"806",2014,2014-05-01,"EQUINE DEATH","Belmont Park (NYRA)","Thoroughbred",1
"807",2014,2014-05-03,"EQUINE DEATH","Finger Lakes Gaming & Racetrack","Thoroughbred",1
"808",2014,2014-05-05,"EQUINE DEATH","Yonkers Raceway","Harness",1
"809",2014,2014-05-13,"EQUINE DEATH","Finger Lakes Gaming & Racetrack","Thoroughbred",1
"810",2014,2014-05-18,"EQUINE DEATH","Saratoga Gaming & Raceway","Thoroughbred",1
"811",2014,2014-05-20,"EQUINE DEATH","Monticello Raceway & Mighty M Gaming","Harness",1
"812",2014,2014-05-21,"EQUINE DEATH","Belmont Park (NYRA)","Thoroughbred",1
"813",2014,2014-05-25,"EQUINE DEATH","Belmont Park (NYRA)","Thoroughbred",1
"814",2014,2014-05-26,"EQUINE DEATH","Finger Lakes Gaming & Racetrack","Thoroughbred",1
"815",2014,2014-05-29,"EQUINE DEATH","Belmont Park (NYRA)","Thoroughbred",1
"816",2014,2014-05-30,"EQUINE DEATH","Finger Lakes Gaming & Racetrack","Thoroughbred",1
"817",2014,2014-06-03,"EQUINE DEATH","Finger Lakes Gaming & Racetrack","Thoroughbred",1
"818",2014,2014-06-04,"EQUINE DEATH","Aqueduct Racetrack (NYRA)","Thoroughbred",1
"819",2014,2014-06-07,"EQUINE DEATH","Finger Lakes Gaming & Racetrack","Thoroughbred",1
"820",2014,2014-06-08,"EQUINE DEATH","Belmont Park (NYRA)","Thoroughbred",1
"821",2014,2014-06-08,"EQUINE DEATH","Buffalo Raceway","Harness",1
"822",2014,2014-06-12,"EQUINE DEATH","Aqueduct Racetrack (NYRA)","Thoroughbred",1
"823",2014,2014-06-14,"EQUINE DEATH","Belmont Park (NYRA)","Thoroughbred",1
"824",2014,2014-06-18,"EQUINE DEATH","Belmont Park (NYRA)","Thoroughbred",1
"825",2014,2014-06-18,"EQUINE DEATH","Monticello Raceway & Mighty M Gaming","Harness",1
"826",2014,2014-06-20,"EQUINE DEATH","Finger Lakes Gaming & Racetrack","Thoroughbred",1
"827",2014,2014-06-23,"EQUINE DEATH","Finger Lakes Gaming & Racetrack","Thoroughbred",1
"828",2014,2014-06-25,"EQUINE DEATH","Belmont Park (NYRA)","Thoroughbred",1
"829",2014,2014-06-27,"EQUINE DEATH","Finger Lakes Gaming & Racetrack","Thoroughbred",1
"830",2014,2014-06-28,"EQUINE DEATH","Finger Lakes Gaming & Racetrack","Thoroughbred",1
"831",2014,2014-07-04,"EQUINE DEATH","Finger Lakes Gaming & Racetrack","Thoroughbred",1
"832",2014,2014-07-05,"EQUINE DEATH","Finger Lakes Gaming & Racetrack","Thoroughbred",1
"833",2014,2014-07-06,"EQUINE DEATH","Belmont Park (NYRA)","Thoroughbred",1
"834",2014,2014-07-10,"EQUINE DEATH","Finger Lakes Gaming & Racetrack","Thoroughbred",1
"835",2014,2014-07-13,"EQUINE DEATH","Belmont Park (NYRA)","Thoroughbred",1
"836",2014,2014-07-17,"EQUINE DEATH","Finger Lakes Gaming & Racetrack","Thoroughbred",1
"837",2014,2014-07-20,"EQUINE DEATH","Belmont Park (NYRA)","Thoroughbred",1
"838",2014,2014-07-24,"EQUINE DEATH","Saratoga Gaming & Raceway","Thoroughbred",1
"839",2014,2014-07-25,"EQUINE DEATH","Saratoga Gaming & Raceway","Thoroughbred",1
"840",2014,2014-07-26,"EQUINE DEATH","Finger Lakes Gaming & Racetrack","Thoroughbred",1
"841",2014,2014-07-28,"EQUINE DEATH","Finger Lakes Gaming & Racetrack","Thoroughbred",1
"842",2014,2014-07-28,"EQUINE DEATH","Saratoga Gaming & Raceway","Thoroughbred",1
"843",2014,2014-07-29,"EQUINE DEATH","Batavia Downs","Harness",1
"844",2014,2014-07-29,"EQUINE DEATH","Finger Lakes Gaming & Racetrack","Thoroughbred",1
"845",2014,2014-07-30,"EQUINE DEATH","Saratoga Gaming & Raceway","Thoroughbred",1
"846",2014,2014-08-02,"EQUINE DEATH","Saratoga Gaming & Raceway","Thoroughbred",1
"847",2014,2014-08-06,"EQUINE DEATH","Monticello Raceway & Mighty M Gaming","Harness",1
"848",2014,2014-08-08,"EQUINE DEATH","Finger Lakes Gaming & Racetrack","Thoroughbred",1
"849",2014,2014-08-11,"EQUINE DEATH","Saratoga Gaming & Raceway","Thoroughbred",1
"850",2014,2014-08-11,"EQUINE DEATH","Tioga Downs","Harness",1
"851",2014,2014-08-16,"EQUINE DEATH","Belmont Park (NYRA)","Thoroughbred",1
"852",2014,2014-08-21,"EQUINE DEATH","Saratoga Gaming & Raceway","Thoroughbred",1
"853",2014,2014-08-22,"EQUINE DEATH","Finger Lakes Gaming & Racetrack","Thoroughbred",1
"854",2014,2014-08-23,"EQUINE DEATH","Saratoga Gaming & Raceway","Thoroughbred",1
"855",2014,2014-08-23,"EQUINE DEATH","Saratoga Gaming & Raceway","Thoroughbred",1
"856",2014,2014-08-24,"EQUINE DEATH","Saratoga Gaming & Raceway","Thoroughbred",1
"857",2014,2014-08-25,"EQUINE DEATH","Saratoga Gaming & Raceway","Thoroughbred",1
"858",2014,2014-08-26,"EQUINE DEATH","Finger Lakes Gaming & Racetrack","Thoroughbred",1
"859",2014,2014-08-27,"EQUINE DEATH","Saratoga Gaming & Raceway","Thoroughbred",1
"860",2014,2014-08-29,"EQUINE DEATH","Belmont Park (NYRA)","Thoroughbred",1
"861",2014,2014-09-05,"EQUINE DEATH","Belmont Park (NYRA)","Thoroughbred",1
"862",2014,2014-09-07,"EQUINE DEATH","Finger Lakes Gaming & Racetrack","Thoroughbred",1
"863",2014,2014-09-07,"EQUINE DEATH","Finger Lakes Gaming & Racetrack","Thoroughbred",1
"864",2014,2014-09-10,"EQUINE DEATH","Belmont Park (NYRA)","Thoroughbred",1
"865",2014,2014-09-10,"EQUINE DEATH","Belmont Park (NYRA)","Thoroughbred",1
"866",2014,2014-09-13,"EQUINE DEATH","Belmont Park (NYRA)","Thoroughbred",1
"867",2014,2014-09-13,"EQUINE DEATH","Finger Lakes Gaming & Racetrack","Thoroughbred",1
"868",2014,2014-09-19,"EQUINE DEATH","Saratoga Gaming & Raceway","Thoroughbred",1
"869",2014,2014-09-25,"EQUINE DEATH","Vernon Downs","Harness",1
"870",2014,2014-10-01,"EQUINE DEATH","Belmont Park (NYRA)","Thoroughbred",1
"871",2014,2014-10-03,"EQUINE DEATH","Finger Lakes Gaming & Racetrack","Thoroughbred",1
"872",2014,2014-10-08,"EQUINE DEATH","Belmont Park (NYRA)","Thoroughbred",1
"873",2014,2014-10-09,"EQUINE DEATH","Belmont Park (NYRA)","Thoroughbred",1
"874",2014,2014-10-10,"EQUINE DEATH","Belmont Park (NYRA)","Thoroughbred",1
"875",2014,2014-10-13,"EQUINE DEATH","Belmont Park (NYRA)","Thoroughbred",1
"876",2014,2014-10-13,"EQUINE DEATH","Finger Lakes Gaming & Racetrack","Thoroughbred",1
"877",2014,2014-10-23,"EQUINE DEATH","Belmont Park (NYRA)","Thoroughbred",1
"878",2014,2014-10-23,"EQUINE DEATH","Belmont Park (NYRA)","Thoroughbred",1
"879",2014,2014-10-24,"EQUINE DEATH","Belmont Park (NYRA)","Thoroughbred",1
"880",2014,2014-10-25,"EQUINE DEATH","Belmont Park (NYRA)","Thoroughbred",1
"881",2014,2014-10-31,"EQUINE DEATH","Aqueduct Racetrack (NYRA)","Thoroughbred",1
"882",2014,2014-10-31,"EQUINE DEATH","Aqueduct Racetrack (NYRA)","Thoroughbred",1
"883",2014,2014-11-02,"EQUINE DEATH","Finger Lakes Gaming & Racetrack","Thoroughbred",1
"884",2014,2014-11-03,"EQUINE DEATH","Belmont Park (NYRA)","Thoroughbred",1
"885",2014,2014-11-03,"EQUINE DEATH","Finger Lakes Gaming & Racetrack","Thoroughbred",1
"886",2014,2014-11-04,"EQUINE DEATH","Finger Lakes Gaming & Racetrack","Thoroughbred",1
"887",2014,2014-11-07,"EQUINE DEATH","Finger Lakes Gaming & Racetrack","Thoroughbred",1
"888",2014,2014-11-11,"EQUINE DEATH","Finger Lakes Gaming & Racetrack","Thoroughbred",1
"889",2014,2014-11-12,"EQUINE DEATH","Aqueduct Racetrack (NYRA)","Thoroughbred",1
"890",2014,2014-11-16,"EQUINE DEATH","Yonkers Raceway","Harness",1
"891",2014,2014-11-26,"EQUINE DEATH","Finger Lakes Gaming & Racetrack","Thoroughbred",1
"892",2014,2014-11-27,"EQUINE DEATH","Finger Lakes Gaming & Racetrack","Thoroughbred",1
"893",2014,2014-11-28,"EQUINE DEATH","Aqueduct Racetrack (NYRA)","Thoroughbred",1
"894",2014,2014-11-30,"EQUINE DEATH","Belmont Park (NYRA)","Thoroughbred",1
"895",2014,2014-12-03,"EQUINE DEATH","Aqueduct Racetrack (NYRA)","Thoroughbred",1
"896",2014,2014-12-03,"EQUINE DEATH","Finger Lakes Gaming & Racetrack","Thoroughbred",1
"897",2014,2014-12-04,"EQUINE DEATH","Aqueduct Racetrack (NYRA)","Thoroughbred",1
"898",2014,2014-12-05,"EQUINE DEATH","Aqueduct Racetrack (NYRA)","Thoroughbred",1
"899",2014,2014-12-05,"EQUINE DEATH","Aqueduct Racetrack (NYRA)","Thoroughbred",1
"900",2014,2014-12-10,"EQUINE DEATH","Aqueduct Racetrack (NYRA)","Thoroughbred",1
"901",2014,2014-12-11,"EQUINE DEATH","Aqueduct Racetrack (NYRA)","Thoroughbred",1
"902",2014,2014-12-15,"EQUINE DEATH","Belmont Park (NYRA)","Thoroughbred",1
"903",2014,2014-12-26,"EQUINE DEATH","Aqueduct Racetrack (NYRA)","Thoroughbred",1
"904",2014,2014-12-27,"EQUINE DEATH","Aqueduct Racetrack (NYRA)","Thoroughbred",1
"905",2014,2014-12-31,"EQUINE DEATH","Belmont Park (NYRA)","Thoroughbred",1
"906",2015,2015-01-02,"EQUINE DEATH","Aqueduct Racetrack (NYRA)","Thoroughbred",1
"907",2015,2015-01-04,"EQUINE DEATH","Aqueduct Racetrack (NYRA)","Thoroughbred",1
"908",2015,2015-01-07,"EQUINE DEATH","Monticello Raceway & Mighty M Gaming","Harness",1
"909",2015,2015-01-09,"EQUINE DEATH","Aqueduct Racetrack (NYRA)","Thoroughbred",1
"910",2015,2015-01-09,"EQUINE DEATH","Aqueduct Racetrack (NYRA)","Thoroughbred",1
"911",2015,2015-01-09,"EQUINE DEATH","Aqueduct Racetrack (NYRA)","Thoroughbred",1
"912",2015,2015-01-15,"EQUINE DEATH","Aqueduct Racetrack (NYRA)","Thoroughbred",1
"913",2015,2015-01-16,"EQUINE DEATH","Belmont Park (NYRA)","Thoroughbred",1
"914",2015,2015-01-18,"EQUINE DEATH","Aqueduct Racetrack (NYRA)","Thoroughbred",1
"915",2015,2015-01-22,"EQUINE DEATH","Aqueduct Racetrack (NYRA)","Thoroughbred",1
"916",2015,2015-01-26,"EQUINE DEATH","Belmont Park (NYRA)","Thoroughbred",1
"917",2015,2015-03-06,"EQUINE DEATH","Saratoga Gaming & Raceway","Harness",1
"918",2015,2015-03-12,"EQUINE DEATH","Aqueduct Racetrack (NYRA)","Thoroughbred",1
"919",2015,2015-03-19,"EQUINE DEATH","Belmont Park (NYRA)","Thoroughbred",1
"920",2015,2015-03-29,"EQUINE DEATH","Belmont Park (NYRA)","Thoroughbred",1
"921",2015,2015-04-09,"EQUINE DEATH","Yonkers Raceway","Harness",1
"922",2015,2015-04-09,"EQUINE DEATH","Yonkers Raceway","Harness",1
"923",2015,2015-04-12,"EQUINE DEATH","Aqueduct Racetrack (NYRA)","Thoroughbred",1
"924",2015,2015-04-12,"EQUINE DEATH","Aqueduct Racetrack (NYRA)","Thoroughbred",1
"925",2015,2015-04-16,"EQUINE DEATH","Aqueduct Racetrack (NYRA)","Thoroughbred",1
"926",2015,2015-04-17,"EQUINE DEATH","Buffalo Raceway","Harness",1
"927",2015,2015-04-19,"EQUINE DEATH","Belmont Park (NYRA)","Thoroughbred",1
"928",2015,2015-04-19,"EQUINE DEATH","Saratoga Gaming & Raceway","Harness",1
"929",2015,2015-04-25,"EQUINE DEATH","Belmont Park (NYRA)","Thoroughbred",1
"930",2015,2015-04-26,"EQUINE DEATH","Belmont Park (NYRA)","Thoroughbred",1
"931",2015,2015-04-29,"EQUINE DEATH","Finger Lakes Gaming & Racetrack","Thoroughbred",1
"932",2015,2015-05-01,"EQUINE DEATH","Saratoga Gaming & Raceway","Thoroughbred",1
"933",2015,2015-05-05,"EQUINE DEATH","Saratoga Gaming & Raceway","Thoroughbred",1
"934",2015,2015-05-08,"EQUINE DEATH","Aqueduct Racetrack (NYRA)","Thoroughbred",1
"935",2015,2015-05-16,"EQUINE DEATH","Aqueduct Racetrack (NYRA)","Thoroughbred",1
"936",2015,2015-05-16,"EQUINE DEATH","Finger Lakes Gaming & Racetrack","Thoroughbred",1
"937",2015,2015-05-17,"EQUINE DEATH","Aqueduct Racetrack (NYRA)","Thoroughbred",1
"938",2015,2015-05-19,"EQUINE DEATH","Finger Lakes Gaming & Racetrack","Thoroughbred",1
"939",2015,2015-05-19,"EQUINE DEATH","Finger Lakes Gaming & Racetrack","Thoroughbred",1
"940",2015,2015-05-20,"EQUINE DEATH","Finger Lakes Gaming & Racetrack","Thoroughbred",1
"941",2015,2015-05-21,"EQUINE DEATH","Saratoga Gaming & Raceway","Thoroughbred",1
"942",2015,2015-05-24,"EQUINE DEATH","Finger Lakes Gaming & Racetrack","Thoroughbred",1
"943",2015,2015-05-28,"EQUINE DEATH","Belmont Park (NYRA)","Thoroughbred",1
"944",2015,2015-05-28,"EQUINE DEATH","Monticello Raceway & Mighty M Gaming","Harness",1
"945",2015,2015-05-29,"EQUINE DEATH","Finger Lakes Gaming & Racetrack","Thoroughbred",1
"946",2015,2015-05-30,"EQUINE DEATH","Belmont Park (NYRA)","Thoroughbred",1
"947",2015,2015-06-02,"EQUINE DEATH","Finger Lakes Gaming & Racetrack","Thoroughbred",1
"948",2015,2015-06-04,"EQUINE DEATH","Finger Lakes Gaming & Racetrack","Thoroughbred",1
"949",2015,2015-06-06,"EQUINE DEATH","Belmont Park (NYRA)","Thoroughbred",1
"950",2015,2015-06-08,"EQUINE DEATH","Finger Lakes Gaming & Racetrack","Thoroughbred",1
"951",2015,2015-06-13,"EQUINE DEATH","Belmont Park (NYRA)","Thoroughbred",1
"952",2015,2015-06-20,"EQUINE DEATH","Belmont Park (NYRA)","Thoroughbred",1
"953",2015,2015-06-22,"EQUINE DEATH","Finger Lakes Gaming & Racetrack","Thoroughbred",1
"954",2015,2015-06-28,"EQUINE DEATH","Vernon Downs","Harness",1
"955",2015,2015-06-30,"EQUINE DEATH","Saratoga Gaming & Raceway","Thoroughbred",1
"956",2015,2015-07-06,"EQUINE DEATH","Finger Lakes Gaming & Racetrack","Thoroughbred",1
"957",2015,2015-07-10,"EQUINE DEATH","Aqueduct Racetrack (NYRA)","Thoroughbred",1
"958",2015,2015-07-11,"EQUINE DEATH","Belmont Park (NYRA)","Thoroughbred",1
"959",2015,2015-07-11,"EQUINE DEATH","Tioga Downs","Harness",1
"960",2015,2015-07-13,"EQUINE DEATH","Finger Lakes Gaming & Racetrack","Thoroughbred",1
"961",2015,2015-07-15,"EQUINE DEATH","Belmont Park (NYRA)","Thoroughbred",1
"962",2015,2015-07-16,"EQUINE DEATH","Finger Lakes Gaming & Racetrack","Thoroughbred",1
"963",2015,2015-07-16,"EQUINE DEATH","Finger Lakes Gaming & Racetrack","Thoroughbred",1
"964",2015,2015-07-17,"EQUINE DEATH","Finger Lakes Gaming & Racetrack","Thoroughbred",1
"965",2015,2015-07-18,"EQUINE DEATH","Saratoga Gaming & Raceway","Harness",1
"966",2015,2015-07-20,"EQUINE DEATH","Finger Lakes Gaming & Racetrack","Thoroughbred",1
"967",2015,2015-07-28,"EQUINE DEATH","Monticello Raceway & Mighty M Gaming","Harness",1
"968",2015,2015-07-28,"EQUINE DEATH","Yonkers Raceway","Harness",1
"969",2015,2015-08-01,"EQUINE DEATH","Saratoga Gaming & Raceway","Thoroughbred",1
"970",2015,2015-08-01,"EQUINE DEATH","Saratoga Gaming & Raceway","Thoroughbred",1
"971",2015,2015-08-01,"EQUINE DEATH","Saratoga Gaming & Raceway","Thoroughbred",1
"972",2015,2015-08-09,"EQUINE DEATH","Batavia Downs","Harness",1
"973",2015,2015-08-14,"EQUINE DEATH","Saratoga Gaming & Raceway","Thoroughbred",1
"974",2015,2015-08-16,"EQUINE DEATH","Saratoga Gaming & Raceway","Thoroughbred",1
"975",2015,2015-08-20,"EQUINE DEATH","Finger Lakes Gaming & Racetrack","Thoroughbred",1
"976",2015,2015-08-21,"EQUINE DEATH","Tioga Downs","Harness",1
"977",2015,2015-08-25,"EQUINE DEATH","Saratoga Gaming & Raceway","Thoroughbred",1
"978",2015,2015-08-27,"EQUINE DEATH","Saratoga Gaming & Raceway","Thoroughbred",1
"979",2015,2015-08-30,"EQUINE DEATH","Saratoga Gaming & Raceway","Thoroughbred",1
"980",2015,2015-08-31,"EQUINE DEATH","Belmont Park (NYRA)","Thoroughbred",1
"981",2015,2015-08-31,"EQUINE DEATH","Finger Lakes Gaming & Racetrack","Thoroughbred",1
"982",2015,2015-09-19,"EQUINE DEATH","Belmont Park (NYRA)","Thoroughbred",1
"983",2015,2015-09-22,"EQUINE DEATH","Saratoga Gaming & Raceway","Thoroughbred",1
"984",2015,2015-10-01,"EQUINE DEATH","Finger Lakes Gaming & Racetrack","Thoroughbred",1
"985",2015,2015-10-02,"EQUINE DEATH","Batavia Downs","Harness",1
"986",2015,2015-10-11,"EQUINE DEATH","Belmont Park (NYRA)","Thoroughbred",1
"987",2015,2015-10-15,"EQUINE DEATH","Finger Lakes Gaming & Racetrack","Thoroughbred",1
"988",2015,2015-10-16,"EQUINE DEATH","Belmont Park (NYRA)","Thoroughbred",1
"989",2015,2015-10-16,"EQUINE DEATH","Finger Lakes Gaming & Racetrack","Thoroughbred",1
"990",2015,2015-10-17,"EQUINE DEATH","Finger Lakes Gaming & Racetrack","Thoroughbred",1
"991",2015,2015-10-19,"EQUINE DEATH","Belmont Park (NYRA)","Thoroughbred",1
"992",2015,2015-10-26,"EQUINE DEATH","Belmont Park (NYRA)","Thoroughbred",1
"993",2015,2015-10-30,"EQUINE DEATH","Belmont Park (NYRA)","Thoroughbred",1
"994",2015,2015-10-30,"EQUINE DEATH","Belmont Park (NYRA)","Thoroughbred",1
"995",2015,2015-11-04,"EQUINE DEATH","Aqueduct Racetrack (NYRA)","Thoroughbred",1
"996",2015,2015-11-06,"EQUINE DEATH","Batavia Downs","Harness",1
"997",2015,2015-11-06,"EQUINE DEATH","Saratoga Gaming & Raceway","Harness",1
"998",2015,2015-11-15,"EQUINE DEATH","Aqueduct Racetrack (NYRA)","Thoroughbred",1
"999",2015,2015-11-17,"EQUINE DEATH","Finger Lakes Gaming & Racetrack","Thoroughbred",1
"1000",2015,2015-11-27,"EQUINE DEATH","Belmont Park (NYRA)","Thoroughbred",1
"1001",2015,2015-11-28,"EQUINE DEATH","Saratoga Gaming & Raceway","Harness",1
"1002",2015,2015-11-30,"EQUINE DEATH","Belmont Park (NYRA)","Thoroughbred",1
"1003",2015,2015-12-01,"EQUINE DEATH","Belmont Park (NYRA)","Thoroughbred",1
"1004",2015,2015-12-05,"EQUINE DEATH","Batavia Downs","Harness",1
"1005",2015,2015-12-17,"EQUINE DEATH","Aqueduct Racetrack (NYRA)","Thoroughbred",1
"1006",2015,2015-12-27,"EQUINE DEATH","Aqueduct Racetrack (NYRA)","Thoroughbred",1
"1007",2015,2015-12-27,"EQUINE DEATH","Aqueduct Racetrack (NYRA)","Thoroughbred",1
"1008",2016,2016-01-02,"EQUINE DEATH","Belmont Park (NYRA)","Thoroughbred",1
"1009",2016,2016-01-10,"EQUINE DEATH","Aqueduct Racetrack (NYRA)","Thoroughbred",1
"1010",2016,2016-01-16,"EQUINE DEATH","Aqueduct Racetrack (NYRA)","Thoroughbred",1
"1011",2016,2016-01-22,"EQUINE DEATH","Belmont Park (NYRA)","Thoroughbred",1
"1012",2016,2016-01-22,"EQUINE DEATH","Belmont Park (NYRA)","Thoroughbred",1
"1013",2016,2016-01-29,"EQUINE DEATH","Belmont Park (NYRA)","Thoroughbred",1
"1014",2016,2016-01-29,"EQUINE DEATH","Belmont Park (NYRA)","Thoroughbred",1
"1015",2016,2016-01-30,"EQUINE DEATH","Belmont Park (NYRA)","Thoroughbred",1
"1016",2016,2016-02-06,"EQUINE DEATH","Aqueduct Racetrack (NYRA)","Thoroughbred",1
"1017",2016,2016-02-07,"EQUINE DEATH","Aqueduct Racetrack (NYRA)","Thoroughbred",1
"1018",2016,2016-02-18,"EQUINE DEATH","Belmont Park (NYRA)","Thoroughbred",1
"1019",2016,2016-02-19,"EQUINE DEATH","Buffalo Raceway","Harness",1
"1020",2016,2016-02-21,"EQUINE DEATH","Aqueduct Racetrack (NYRA)","Thoroughbred",1
"1021",2016,2016-02-24,"EQUINE DEATH","Belmont Park (NYRA)","Thoroughbred",1
"1022",2016,2016-03-11,"EQUINE DEATH","Yonkers Raceway","Harness",1
"1023",2016,2016-03-20,"EQUINE DEATH","Belmont Park (NYRA)","Thoroughbred",1
"1024",2016,2016-03-31,"EQUINE DEATH","Yonkers Raceway","Harness",1
"1025",2016,2016-04-08,"EQUINE DEATH","Belmont Park (NYRA)","Thoroughbred",1
"1026",2016,2016-04-09,"EQUINE DEATH","Belmont Park (NYRA)","Thoroughbred",1
"1027",2016,2016-04-09,"EQUINE DEATH","Saratoga Gaming & Raceway","Harness",1
"1028",2016,2016-04-10,"EQUINE DEATH","Finger Lakes Gaming & Racetrack","Thoroughbred",1
"1029",2016,2016-04-12,"EQUINE DEATH","Finger Lakes Gaming & Racetrack","Thoroughbred",1
"1030",2016,2016-04-13,"EQUINE DEATH","Aqueduct Racetrack (NYRA)","Thoroughbred",1
"1031",2016,2016-04-22,"EQUINE DEATH","Finger Lakes Gaming & Racetrack","Thoroughbred",1
"1032",2016,2016-04-29,"EQUINE DEATH","Saratoga Gaming & Raceway","Harness",1
"1033",2016,2016-05-12,"EQUINE DEATH","Yonkers Raceway","Harness",1
"1034",2016,2016-05-14,"EQUINE DEATH","Buffalo Raceway","Harness",1
"1035",2016,2016-05-15,"EQUINE DEATH","Saratoga Gaming & Raceway","Harness",1
"1036",2016,2016-05-18,"EQUINE DEATH","Belmont Park (NYRA)","Thoroughbred",1
"1037",2016,2016-05-20,"EQUINE DEATH","Belmont Park (NYRA)","Thoroughbred",1
"1038",2016,2016-05-23,"EQUINE DEATH","Yonkers Raceway","Harness",1
"1039",2016,2016-05-26,"EQUINE DEATH","Belmont Park (NYRA)","Thoroughbred",1
"1040",2016,2016-05-27,"EQUINE DEATH","Finger Lakes Gaming & Racetrack","Thoroughbred",1
"1041",2016,2016-05-30,"EQUINE DEATH","Saratoga Gaming & Raceway","Thoroughbred",1
"1042",2016,2016-05-30,"EQUINE DEATH","Yonkers Raceway","Harness",1
"1043",2016,2016-06-01,"EQUINE DEATH","Belmont Park (NYRA)","Thoroughbred",1
"1044",2016,2016-06-01,"EQUINE DEATH","Buffalo Raceway","Harness",1
"1045",2016,2016-06-04,"EQUINE DEATH","Belmont Park (NYRA)","Thoroughbred",1
"1046",2016,2016-06-04,"EQUINE DEATH","Belmont Park (NYRA)","Thoroughbred",1
"1047",2016,2016-06-04,"EQUINE DEATH","Belmont Park (NYRA)","Thoroughbred",1
"1048",2016,2016-06-08,"EQUINE DEATH","Belmont Park (NYRA)","Thoroughbred",1
"1049",2016,2016-06-10,"EQUINE DEATH","Finger Lakes Gaming & Racetrack","Thoroughbred",1
"1050",2016,2016-06-10,"EQUINE DEATH","Tioga Downs","Harness",1
"1051",2016,2016-06-11,"EQUINE DEATH","Buffalo Raceway","Harness",1
"1052",2016,2016-06-12,"EQUINE DEATH","Belmont Park (NYRA)","Thoroughbred",1
"1053",2016,2016-06-12,"EQUINE DEATH","Saratoga Gaming & Raceway","Harness",1
"1054",2016,2016-06-13,"EQUINE DEATH","Finger Lakes Gaming & Racetrack","Thoroughbred",1
"1055",2016,2016-06-17,"EQUINE DEATH","Belmont Park (NYRA)","Thoroughbred",1
"1056",2016,2016-06-18,"EQUINE DEATH","Belmont Park (NYRA)","Thoroughbred",1
"1057",2016,2016-06-20,"EQUINE DEATH","Belmont Park (NYRA)","Thoroughbred",1
"1058",2016,2016-07-05,"EQUINE DEATH","Finger Lakes Gaming & Racetrack","Thoroughbred",1
"1059",2016,2016-07-09,"EQUINE DEATH","Finger Lakes Gaming & Racetrack","Thoroughbred",1
"1060",2016,2016-07-14,"EQUINE DEATH","Finger Lakes Gaming & Racetrack","Thoroughbred",1
"1061",2016,2016-07-14,"EQUINE DEATH","Vernon Downs","Harness",1
"1062",2016,2016-07-16,"EQUINE DEATH","Finger Lakes Gaming & Racetrack","Thoroughbred",1
"1063",2016,2016-07-16,"EQUINE DEATH","Saratoga Gaming & Raceway","Thoroughbred",1
"1064",2016,2016-07-19,"EQUINE DEATH","Finger Lakes Gaming & Racetrack","Thoroughbred",1
"1065",2016,2016-07-23,"EQUINE DEATH","Saratoga Gaming & Raceway","Thoroughbred",1
"1066",2016,2016-07-23,"EQUINE DEATH","Saratoga Gaming & Raceway","Thoroughbred",1
"1067",2016,2016-07-27,"EQUINE DEATH","Saratoga Gaming & Raceway","Thoroughbred",1
"1068",2016,2016-08-01,"EQUINE DEATH","Saratoga Gaming & Raceway","Thoroughbred",1
"1069",2016,2016-08-02,"EQUINE DEATH","Saratoga Gaming & Raceway","Thoroughbred",1
"1070",2016,2016-08-02,"EQUINE DEATH","Yonkers Raceway","Harness",1
"1071",2016,2016-08-03,"EQUINE DEATH","Saratoga Gaming & Raceway","Thoroughbred",1
"1072",2016,2016-08-04,"EQUINE DEATH","Saratoga Gaming & Raceway","Thoroughbred",1
"1073",2016,2016-08-15,"EQUINE DEATH","Finger Lakes Gaming & Racetrack","Thoroughbred",1
"1074",2016,2016-08-19,"EQUINE DEATH","Yonkers Raceway","Harness",1
"1075",2016,2016-08-20,"EQUINE DEATH","Batavia Downs","Harness",1
"1076",2016,2016-08-20,"EQUINE DEATH","Saratoga Gaming & Raceway","Thoroughbred",1
"1077",2016,2016-08-22,"EQUINE DEATH","Finger Lakes Gaming & Racetrack","Thoroughbred",1
"1078",2016,2016-08-24,"EQUINE DEATH","Saratoga Gaming & Raceway","Thoroughbred",1
"1079",2016,2016-08-25,"EQUINE DEATH","Saratoga Gaming & Raceway","Thoroughbred",1
"1080",2016,2016-08-25,"EQUINE DEATH","Saratoga Gaming & Raceway","Thoroughbred",1
"1081",2016,2016-08-28,"EQUINE DEATH","Saratoga Gaming & Raceway","Thoroughbred",1
"1082",2016,2016-09-03,"EQUINE DEATH","Finger Lakes Gaming & Racetrack","Thoroughbred",1
"1083",2016,2016-09-07,"EQUINE DEATH","Batavia Downs","Harness",1
"1084",2016,2016-09-08,"EQUINE DEATH","Yonkers Raceway","Harness",1
"1085",2016,2016-09-09,"EQUINE DEATH","Aqueduct Racetrack (NYRA)","Thoroughbred",1
"1086",2016,2016-09-09,"EQUINE DEATH","Saratoga Gaming & Raceway","Thoroughbred",1
"1087",2016,2016-09-17,"EQUINE DEATH","Finger Lakes Gaming & Racetrack","Thoroughbred",1
"1088",2016,2016-09-17,"EQUINE DEATH","Belmont Park (NYRA)","Thoroughbred",1
"1089",2016,2016-09-17,"EQUINE DEATH","Finger Lakes Gaming & Racetrack","Thoroughbred",1
"1090",2016,2016-09-19,"EQUINE DEATH","Saratoga Gaming & Raceway","Thoroughbred",1
"1091",2016,2016-09-23,"EQUINE DEATH","Saratoga Gaming & Raceway","Harness",1
"1092",2016,2016-09-25,"EQUINE DEATH","Finger Lakes Gaming & Racetrack","Thoroughbred",1
"1093",2016,2016-09-26,"EQUINE DEATH","Finger Lakes Gaming & Racetrack","Thoroughbred",1
"1094",2016,2016-09-27,"EQUINE DEATH","Finger Lakes Gaming & Racetrack","Thoroughbred",1
"1095",2016,2016-09-27,"EQUINE DEATH","Yonkers Raceway","Harness",1
"1096",2016,2016-09-30,"EQUINE DEATH","Belmont Park (NYRA)","Thoroughbred",1
"1097",2016,2016-10-02,"EQUINE DEATH","Belmont Park (NYRA)","Thoroughbred",1
"1098",2016,2016-10-03,"EQUINE DEATH","Belmont Park (NYRA)","Thoroughbred",1
"1099",2016,2016-10-08,"EQUINE DEATH","Finger Lakes Gaming & Racetrack","Thoroughbred",1
"1100",2016,2016-10-11,"EQUINE DEATH","Belmont Park (NYRA)","Thoroughbred",1
"1101",2016,2016-10-11,"EQUINE DEATH","Finger Lakes Gaming & Racetrack","Thoroughbred",1
"1102",2016,2016-10-15,"EQUINE DEATH","Belmont Park (NYRA)","Thoroughbred",1
"1103",2016,2016-10-17,"EQUINE DEATH","Belmont Park (NYRA)","Thoroughbred",1
"1104",2016,2016-10-17,"EQUINE DEATH","Finger Lakes Gaming & Racetrack","Thoroughbred",1
"1105",2016,2016-10-19,"EQUINE DEATH","Belmont Park (NYRA)","Thoroughbred",1
"1106",2016,2016-10-19,"EQUINE DEATH","Belmont Park (NYRA)","Thoroughbred",1
"1107",2016,2016-10-20,"EQUINE DEATH","Belmont Park (NYRA)","Thoroughbred",1
"1108",2016,2016-10-20,"EQUINE DEATH","Belmont Park (NYRA)","Thoroughbred",1
"1109",2016,2016-10-21,"EQUINE DEATH","Belmont Park (NYRA)","Thoroughbred",1
"1110",2016,2016-11-05,"EQUINE DEATH","Finger Lakes Gaming & Racetrack","Thoroughbred",1
"1111",2016,2016-11-05,"EQUINE DEATH","Finger Lakes Gaming & Racetrack","Thoroughbred",1
"1112",2016,2016-11-12,"EQUINE DEATH","Belmont Park (NYRA)","Thoroughbred",1
"1113",2016,2016-11-12,"EQUINE DEATH","Belmont Park (NYRA)","Thoroughbred",1
"1114",2016,2016-11-16,"EQUINE DEATH","Finger Lakes Gaming & Racetrack","Thoroughbred",1
"1115",2016,2016-11-18,"EQUINE DEATH","Aqueduct Racetrack (NYRA)","Thoroughbred",1
"1116",2016,2016-11-19,"EQUINE DEATH","Aqueduct Racetrack (NYRA)","Thoroughbred",1
"1117",2016,2016-11-25,"EQUINE DEATH","Aqueduct Racetrack (NYRA)","Thoroughbred",1
"1118",2016,2016-11-29,"EQUINE DEATH","Finger Lakes Gaming & Racetrack","Thoroughbred",1
"1119",2016,2016-11-30,"EQUINE DEATH","Finger Lakes Gaming & Racetrack","Thoroughbred",1
"1120",2016,2016-11-30,"EQUINE DEATH","Finger Lakes Gaming & Racetrack","Thoroughbred",1
"1121",2016,2016-12-05,"EQUINE DEATH","Belmont Park (NYRA)","Thoroughbred",1
"1122",2016,2016-12-10,"EQUINE DEATH","Belmont Park (NYRA)","Thoroughbred",1
"1123",2016,2016-12-31,"EQUINE DEATH","Aqueduct Racetrack (NYRA)","Thoroughbred",1
